date,ticket_no,source,items,uom,description,quantity,lmv,lmv_capcacity,pick_up_location,cordinates,discovery_id,week_code
12/1/2023,388,Farmers,P1,tonnes,SUBCHARGED,4.61,Dyna1,4,,,,Nov wk 4 - 23
12/1/2023,389,Merchants,P1,tonnes,SUBCHARGED /RETURNED,2.7,Ford2,3,,,,Nov wk 4 - 23
12/1/2023,390,Merchants,Firewood,tonnes,,5.93,Dyna2,5,,,,Nov wk 4 - 23
12/1/2023,391,Merchants,P1,tonnes,SUBCHARGED,4.71,Dyna2,5,,,,Nov wk 4 - 23
12/1/2023,392,Merchants,P1,tonnes,SUBCHARGED/RETURNED,2.54,Ford2,3,,,,Nov wk 4 - 23
12/2/2023,396,Farmers,P1,tonnes,SUBCHARGED/RETURNED,4.61,Dyna1,4,,,,Nov wk 4 - 23
12/4/2023,398,Merchants,Firewood,tonnes,,3.53,Dyna1,4,,,,Dec wk 1 - 23
12/6/2023,401,Farmers,P1,tonnes,,5.01,Dyna1,4,,,,Dec wk 1 - 23
12/6/2023,400,Farmers,P1,tonnes,,6.85,Dyna2,5,,,,Dec wk 1 - 23
12/7/2023,404,Merchants,Firewood,tonnes,,4.85,Dyna1,4,,,,Dec wk 1 - 23
12/7/2023,405,Farmers,P1,tonnes,GRADE 1,1.92,Ford2,3,,,,Dec wk 1 - 23
12/8/2023,406,Farmers,P1,tonnes,GRADE 2,1.26,Ford2,3,,,,Dec wk 1 - 23
12/8/2023,407,Merchants,P1,tonnes,GRADE 3,2.24,Dyna2,5,,,,Dec wk 1 - 23
12/8/2023,408,Farmers,P1,tonnes,GRADE 1,2,Ford2,3,,,,Dec wk 1 - 23
12/9/2023,409,Farmers,P1,tonnes,GRADE 3,2.23,Ford2,3,,,,Dec wk 1 - 23
12/9/2023,410,Merchants,P1,tonnes,GRADE 3,3.89,Dyna2,5,,,,Dec wk 1 - 23
12/9/2023,411,Farmers,P1,tonnes,GRADE 2,1.87,Ford2,3,,,,Dec wk 1 - 23
12/9/2023,412,Merchants,P1,tonnes,GRADE 2,4.98,Dyna2,5,,,,Dec wk 1 - 23
12/11/2023,414,Farmers,P1,tonnes,GRADE 1,2.42,Ford2,3,,,,Dec wk 2 - 23
12/11/2023,415,Agents,P1,tonnes,GRADE 3,1.74,Ford2,3,,,,Dec wk 2 - 23
12/11/2023,416,Farmers,P1,tonnes,GRADE 1,1.87,Ford2,3,,,,Dec wk 2 - 23
12/12/2023,419,Merchants,P1,tonnes,GRADE 2,4.83,Dyna2,5,,,,Dec wk 2 - 23
12/13/2023,422,Farmers,P1,tonnes,GRADE 2,2.26,Ford2,3,,,,Dec wk 2 - 23
12/14/2023,433,Merchants,P1,tonnes,GRADE 1,3.7,Dyna2,5,,,,Dec wk 2 - 23
12/15/2023,437,Merchants,P1,tonnes,GRADE 2,4.73,Dyna2,5,,,,Dec wk 2 - 23
12/15/2023,418,Farmers,P1,tonnes,GRADE 2,1.87,Ford2,3,,,,Dec wk 2 - 23
12/15/2023,442,Merchants,P1,tonnes,GRADE 2,3.15,Dyna2,5,,,,Dec wk 2 - 23
1/9/2024,458,Farmers,P1,tonnes,GRADE 2,2.24,Ford2,3,,,,Jan wk 2 - 24
1/10/2024,459,Farmers,P1,tonnes,GRADE 2,2.41,Ford2,3,,,,Jan wk 2 - 24
1/10/2024,460,Farmers,P1,tonnes,GRADE 2,3.91,Dyna2,5,,,,Jan wk 2 - 24
1/10/2024,464,Farmers,P1,tonnes,GRADE 2,2.16,Ford2,3,,,,Jan wk 2 - 24
1/11/2024,465,Merchants,P1,tonnes,GRADE 2,3.91,Dyna2,5,,,,Jan wk 2 - 24
1/11/2024,466,Merchants,P1,tonnes,GRADE 2,1.95,Ford2,3,,,,Jan wk 2 - 24
1/12/2024,467,Farmers,P1,tonnes,GRADE 2,1.94,Ford2,3,,,,Jan wk 2 - 24
1/13/2024,468,Farmers,P1,tonnes,GRADE 3,2.1,Ford2,3,,,,Jan wk 2 - 24
1/15/2024,469,Farmers,P1,tonnes,GRADE  2,3.62,Dyna2,5,,,,Jan wk 3 - 24
1/15/2024,470,Farmers,P1,tonnes,GRADE  2,1.95,Ford2,3,,,,Jan wk 3 - 24
1/15/2024,471,Farmers,P1,tonnes,GRADE 2,4.1,Dyna2,5,,,,Jan wk 3 - 24
1/16/2024,473,Farmers,P1,tonnes,GRADE 2,2.25,Ford2,3,,,,Jan wk 3 - 24
1/16/2024,474,Farmers,P1,tonnes,GRADE 2,3.27,Dyna2,5,,,,Jan wk 3 - 24
1/16/2024,475,Farmers,P1,tonnes,GRADE 2,1.79,Ford2,3,,,,Jan wk 3 - 24
1/17/2024,476,Farmers,P1,tonnes,GRADE 2,3.77,Dyna2,5,,,,Jan wk 3 - 24
1/17/2024,478,Farmers,P1,tonnes,GRADE 2,2.09,Dyna2,5,,,,Jan wk 3 - 24
1/17/2024,477,Farmers,P1,tonnes,GRADE 1,1.68,Ford2,3,,,,Jan wk 3 - 24
1/18/2024,479,Merchants,P1,tonnes,GRADE 1,2.49,Ford2,3,,,,Jan wk 3 - 24
1/18/2024,481,Farmers,P1,tonnes,GRADE 1,2.56,Ford2,3,,,,Jan wk 3 - 24
1/18/2024,482,Farmers,P1,tonnes,GRADE 1,4.51,Dyna2,5,,,,Jan wk 3 - 24
1/19/2024,483,Farmers,P1,tonnes,GRADE 1,3.94,Dyna2,5,,,,Jan wk 3 - 24
1/20/2024,484,Farmers,P1,tonnes,GRADE 3,2.06,Ford2,3,,,,Jan wk 3 - 24
1/22/2024,485,Farmers,P1,tonnes,GRADE 3,2.58,Ford2,3,,,,Jan wk 4 - 24
1/22/2024,486,Farmers,P1,tonnes,GRADE 1,2.07,Ford2,3,,,,Jan wk 4 - 24
1/23/2024,487,Merchants,P1,tonnes,GRADE 1,5.42,MB1,10,,,,Jan wk 4 - 24
1/23/2024,488,Farmers,P1,tonnes,GRADE 3,2.56,Ford2,3,,,,Jan wk 4 - 24
1/24/2024,489,Farmers,P1,tonnes,GRADE 1,2.53,Ford2,3,,,,Jan wk 4 - 24
1/24/2024,490,Farmers,P1,tonnes,GRADE 3,1.55,MB1,10,,,,Jan wk 4 - 24
1/24/2024,491,Farmers,P1,tonnes,GRADE 2,2.38,Ford2,3,,,,Jan wk 4 - 24
1/25/2024,492,Farmers,P1,tonnes,GRADE 1,2.2,Ford2,3,,,,Jan wk 4 - 24
1/25/2024,493,Farmers,P1,tonnes,GRADE 1,1.2,Ford2,3,,,,Jan wk 4 - 24
1/25/2024,494,Farmers,P1,tonnes,GRADE 1,3.89,Ford2,3,,,,Jan wk 4 - 24
1/25/2024,495,Farmers,P1,tonnes,GRADE 1,1.87,Ford2,3,,,,Jan wk 4 - 24
1/26/2024,496,Farmers,P1,tonnes,GRADE 2,1.68,Ford2,3,,,,Jan wk 4 - 24
1/26/2024,497,Farmers,P1,tonnes,GRADE 2,4.43,Dyna2,5,,,,Jan wk 4 - 24
1/26/2024,498,Farmers,P1,tonnes,GRADE 3,4,Dyna2,5,,,,Jan wk 4 - 24
1/27/2024,500,Farmers,P1,tonnes,GRADE 2,2.12,Ford2,3,,,,Jan wk 4 - 24
1/29/2024,501,Merchants,P1,tonnes,GRADE 2,4.45,Dyna2,5,,,,Jan wk 5 - 24
1/29/2024,502,Farmers,P1,tonnes,GRADE 3,1.6,Ford2,3,,,,Jan wk 5 - 24
1/29/2024,503,Farmers,P1,tonnes,GRADE 1,3.8,Dyna2,5,,,,Jan wk 5 - 24
1/30/2024,505,Farmers,P1,tonnes,GRADE 3,2.14,Ford2,3,,,,Jan wk 5 - 24
1/30/2024,506,Farmers,P1,tonnes,GRADE 2,2.19,Ford2,3,,,,Jan wk 5 - 24
1/30/2024,507,Farmers,P1,tonnes,GRADE 2,1.38,Ford2,3,,,,Jan wk 5 - 24
1/31/2024,508,Merchants,P1,tonnes,GRADE 3,3.91,Dyna2,5,,,,Jan wk 5 - 24
1/31/2024,510,Farmers,P1,tonnes,GRADE 2,3.35,Dyna2,5,,,,Jan wk 5 - 24
2/2/2024,511,Farmers,P1,tonnes,GRADE 2,2.1,Dyna2,5,,,,Jan wk 5 - 24
2/2/2024,513,Farmers,P1,tonnes,GRADE 1,4.1,Dyna2,5,,,,Jan wk 5 - 24
2/3/2024,514,Merchants,P1,tonnes,GRADE 2,3.03,Dyna2,5,,,,Jan wk 5 - 24
2/3/2024,515,Farmers,P1,tonnes,GRADE 2,1.02,Dyna2,5,,,,Jan wk 5 - 24
2/3/2024,517,Merchants,P1,tonnes,GRADE 2,4.24,Dyna2,5,,,,Jan wk 5 - 24
2/5/2024,518,Farmers,P1,tonnes,GRADE 2,4.17,Dyna2,5,,,,Feb wk 1 - 24
2/6/2024,519,Farmers,P1,tonnes,GRADE 2,4.71,Dyna2,5,,,,Feb wk 1 - 24
2/6/2024,520,Farmers,P1,tonnes,GRADE 3,6.5,Dyna2,5,,,,Feb wk 1 - 24
2/6/2024,521,Farmers,P1,tonnes,GRADE 2,4.01,Dyna2,5,,,,Feb wk 1 - 24
2/7/2024,522,Farmers,P1,tonnes,GRADE 2,2.8,MB1,10,,,,Feb wk 1 - 24
2/8/2024,525,Farmers,P1,tonnes,GRADE 2,4.45,Dyna2,5,,,,Feb wk 1 - 24
2/8/2024,528,Merchants,P1,tonnes,GRADE 1,3.53,Dyna3,6,,,,Feb wk 1 - 24
2/8/2024,529,Merchants,P1,tonnes,GRADE 1,4.13,Dyna3,6,,,,Feb wk 1 - 24
2/9/2024,530,Farmers,P1,tonnes,GRADE 3,4.44,Dyna2,5,,,,Feb wk 1 - 24
2/9/2024,531,Farmers,P1,tonnes,GRADE 2,4.7,MB1,10,,,,Feb wk 1 - 24
2/9/2024,538,Farmers,P1,tonnes,GRADE 3,3.43,Dyna3,6,,,,Feb wk 1 - 24
2/10/2024,555,Farmers,P1,tonnes,GRADE 3,2.74,Dyna2,5,,,,Feb wk 1 - 24
2/12/2024,556,Farmers,P1,tonnes,GRADE 2,4.54,MB1,10,,,,Feb wk 2 - 24
2/12/2024,561,Merchants,P1,tonnes,GRADE 1,4.19,Dyna2,5,,,,Feb wk 2 - 24
2/12/2024,562,Merchants,P1,tonnes,GRADE 2,3.32,Dyna3,6,,,,Feb wk 2 - 24
2/12/2024,563,Merchants,P1,tonnes,GRADE 1,3.57,Dyna2,5,,,,Feb wk 2 - 24
2/12/2024,564,Merchants,P1,tonnes,GRADE 2,4.18,Dyna3,6,,,,Feb wk 2 - 24
2/13/2024,567,Farmers,P1,tonnes,GRADE 2,2.33,Ford2,3,,,,Feb wk 2 - 24
2/13/2024,570,Farmers,P1,tonnes,GRADE 2,4.24,Dyna2,5,,,,Feb wk 2 - 24
2/13/2024,571,Merchants,P1,tonnes,GRADE 1,3.65,Dyna3,6,,,,Feb wk 2 - 24
2/13/2024,572,Farmers,P1,tonnes,GRADE 2,1.35,Ford2,3,,,,Feb wk 2 - 24
2/13/2024,573,Farmers,P1,tonnes,GRADE 2,4.56,Dyna2,5,,,,Feb wk 2 - 24
2/13/2024,576,Merchants,P1,tonnes,GRADE 2,3.41,Dyna3,6,,,,Feb wk 2 - 24
2/13/2024,577,Farmers,P1,tonnes,GRADE 3,4.2,Dyna2,5,,,,Feb wk 2 - 24
2/14/2024,586,Merchants,P1,tonnes,GRADE 3,4.78,Dyna3,6,,,,Feb wk 2 - 24
2/15/2024,590,Farmers,P1,tonnes,GRADE 3,2.22,Ford2,3,,,,Feb wk 2 - 24
2/15/2024,591,Merchants,P1,tonnes,GRADE 2,5.72,MB1,10,,,,Feb wk 2 - 24
2/16/2024,592,Merchants,P1,tonnes,GRADE 2,7.27,MB1,10,,,,Feb wk 2 - 24
2/17/2024,593,Farmers,P1,tonnes,GRADE 3,2.12,Ford2,3,,,,Feb wk 2 - 24
2/19/2024,595,Merchants,P1,tonnes,GRADE 2,1.84,Ford2,3,,,,Feb wk 3 - 24
2/19/2024,596,Merchants,P1,tonnes,GRADE 2,4.23,Dyna3,6,,,,Feb wk 3 - 24
2/19/2024,598,Merchants,P1,tonnes,GRADE 1,1.95,Ford2,3,,,,Feb wk 3 - 24
2/19/2024,599,Merchants,P1,tonnes,GRADE 2,4.53,Dyna2,5,,,,Feb wk 3 - 24
2/19/2024,600,Merchants,P1,tonnes,GRADE 2,1.6,Ford2,3,,,,Feb wk 3 - 24
2/19/2024,601,Merchants,P1,tonnes,GRADE 2,3.92,Dyna3,6,,,,Feb wk 3 - 24
2/20/2024,604,Farmers,P1,tonnes,GRADE 2,5.37,Dyna3,6,,,,Feb wk 3 - 24
2/21/2024,608,Merchants,P1,tonnes,GRADE 2,4.32,Dyna3,6,,,,Feb wk 3 - 24
2/21/2024,611,Farmers,P1,tonnes,GRADE 2,3.33,Dyna3,6,,,,Feb wk 3 - 24
2/22/2024,614,Farmers,P1,tonnes,GRADE 3,1.66,Ford2,3,,,,Feb wk 3 - 24
2/22/2024,615,Merchants,P1,tonnes,GRADE 2,3.48,Dyna2,5,,,,Feb wk 3 - 24
2/22/2024,616,Merchants,P1,tonnes,GRADE 2,4.5,Dyna3,6,,,,Feb wk 3 - 24
2/22/2024,618,Merchants,P1,tonnes,GRADE 2,1.67,Ford2,3,,,,Feb wk 3 - 24
2/22/2024,619,Farmers,P1,tonnes,GRADE 2,4.38,Dyna3,6,,,,Feb wk 3 - 24
2/23/2024,622,Merchants,P1,tonnes,GRADE 2,2.29,Ford2,3,,,,Feb wk 3 - 24
2/23/2024,624,Merchants,P1,tonnes,GRADE 2,2.86,Ford2,3,,,,Feb wk 3 - 24
2/23/2024,626,Merchants,P1,tonnes,GRADE 2,2.08,Ford2,3,,,,Feb wk 3 - 24
2/24/2024,637,Farmers,P1,tonnes,GRADE 2,1.95,Ford2,3,,,,Feb wk 3 - 24
2/26/2024,638,Merchants,P1,tonnes,GRADE 2,1.33,Ford2,3,,,,Feb wk 4 - 24
2/26/2024,639,Merchants,P1,tonnes,GRADE 2,3.91,Dyna2,5,,,,Feb wk 4 - 24
2/26/2024,640,Merchants,P1,tonnes,GRADE 2,1.72,Ford2,3,,,,Feb wk 4 - 24
2/26/2024,641,Merchants,P1,tonnes,GRADE 2,3.37,Dyna3,6,,,,Feb wk 4 - 24
2/26/2024,642,Merchants,P1,tonnes,GRADE 2,1.98,Ford2,3,,,,Feb wk 4 - 24
2/26/2024,643,Merchants,P1,tonnes,GRADE 2,2.96,Dyna3,6,,,,Feb wk 4 - 24
2/26/2024,644,Merchants,P1,tonnes,GRADE 1,1.88,Ford2,3,,,,Feb wk 4 - 24
2/26/2024,645,Merchants,P1,tonnes,GRADE 2,4.14,Dyna2,5,,,,Feb wk 4 - 24
2/27/2024,646,Merchants,P1,tonnes,GRADE 2,3.71,Dyna2,5,,,,Feb wk 4 - 24
2/28/2024,647,Farmers,P1,tonnes,GRADE 2,4.42,Dyna3,6,,,,Feb wk 4 - 24
2/28/2024,648,Farmers,P1,tonnes,GRADE 2,1.85,Ford2,3,,,,Feb wk 4 - 24
2/28/2024,649,Merchants,P1,tonnes,GRADE 2,3.23,Dyna3,6,,,,Feb wk 4 - 24
2/29/2024,650,Farmers,P1,tonnes,GRADE 2,1.56,Ford2,3,,,,Feb wk 4 - 24
2/29/2024,651,Farmers,P1,tonnes,GRADE 2,6.46,MB1,10,,,,Feb wk 4 - 24
2/29/2024,652,Merchants,P1,tonnes,GRADE 2,3.62,Dyna3,6,,,,Feb wk 4 - 24
2/29/2024,655,Farmers,P1,tonnes,GRADE  3,4.68,MB1,10,,,,Feb wk 4 - 24
2/29/2024,654,Farmers,P1,tonnes,GRADE 1,1.17,Ford2,3,,,,Feb wk 4 - 24
2/29/2024,653,Merchants,P1,tonnes,GRADE 2,3.3,Dyna2,5,,,,Feb wk 4 - 24
3/1/2024,656,Farmers,P1,tonnes,GRADE 2,4.84,Dyna3,6,,,,Feb wk 4 - 24
3/1/2024,659,Merchants,P1,tonnes,GRADE 2,2.66,Ford2,3,,,,Feb wk 4 - 24
3/1/2024,661,Merchants,P1,tonnes,GRADE 3,2.95,Dyna3,6,,,,Feb wk 4 - 24
3/1/2024,662,Farmers,P1,tonnes,GRADE 2,1.99,Ford2,3,,,,Feb wk 4 - 24
3/1/2024,665,Merchants,P1,tonnes,GRADE 3,3.54,Dyna3,6,,,,Feb wk 4 - 24
3/2/2024,666,Merchants,P1,tonnes,GRADE 3,2.7,Ford2,3,,,,Feb wk 4 - 24
3/2/2024,667,Merchants,P1,tonnes,GRADE 3,4.94,Dyna3,6,,,,Feb wk 4 - 24
3/4/2024,669,Merchants,P1,tonnes,GRADE 2,4.72,Dyna3,6,,,,Mar wk 1 - 24
3/5/2024,670,Merchants,P1,tonnes,GRADE 1,1.77,Ford2,3,,,,Mar wk 1 - 24
3/5/2024,671,Merchants,P1,tonnes,GRADE 1,1.35,Ford2,3,,,,Mar wk 1 - 24
3/5/2024,672,Farmers,P1,tonnes,GRADE 3,5.82,Dyna3,6,,,,Mar wk 1 - 24
3/5/2024,673,Merchants,P1,tonnes,GRADE 3,2.37,Ford2,3,,,,Mar wk 1 - 24
3/6/2024,674,Merchants,P1,tonnes,GRADE 3,1.88,Ford2,3,,,,Mar wk 1 - 24
3/6/2024,675,Merchants,P1,tonnes,GRADE 3,3.93,Dyna3,6,,,,Mar wk 1 - 24
3/6/2024,676,Merchants,P1,tonnes,GRADE 3,2.1,Ford2,3,,,,Mar wk 1 - 24
3/6/2024,677,Merchants,P1,tonnes,GRADE 3,2.71,Dyna3,6,,,,Mar wk 1 - 24
3/6/2024,678,Merchants,P1,tonnes,GRADE 3,2.02,Ford2,3,,,,Mar wk 1 - 24
3/7/2024,679,Merchants,P1,tonnes,GRADE 3,1.98,Ford2,3,,,,Mar wk 1 - 24
3/7/2024,680,Farmers,P1,tonnes,GRADE 3,2.81,Dyna3,6,,,,Mar wk 1 - 24
3/7/2024,681,Merchants,P1,tonnes,GRADE 3,2.52,Ford2,3,,,,Mar wk 1 - 24
3/8/2024,682,Farmers,P1,tonnes,GRADE 3,1.65,Ford2,3,,,,Mar wk 1 - 24
3/8/2024,683,Farmers,P1,tonnes,GRADE 3,1.26,Ford2,3,,,,Mar wk 1 - 24
3/8/2024,684,Merchants,P1,tonnes,GRADE 2,7.24,MB1,10,,,,Mar wk 1 - 24
3/8/2024,685,Merchants,P1,tonnes,GRADE 2,4.38,Dyna3,6,,,,Mar wk 1 - 24
3/8/2024,686,Farmers,P1,tonnes,GRADE 2,2,Ford2,3,,,,Mar wk 1 - 24
3/9/2024,687,Farmers,P1,tonnes,GRADE 2,4.19,Dyna3,6,,,,Mar wk 1 - 24
3/9/2024,688,Farmers,P1,tonnes,GRADE 2,2.53,Ford2,3,,,,Mar wk 1 - 24
3/9/2024,689,Farmers,P1,tonnes,GRADE 3,4.17,Dyna2,5,,,,Mar wk 1 - 24
3/9/2024,690,Farmers,P1,tonnes,GRADE 2,2.18,Ford2,3,,,,Mar wk 1 - 24
3/9/2024,691,Merchants,P1,tonnes,GRADE 3,3.58,Dyna3,6,,,,Mar wk 1 - 24
3/9/2024,692,Farmers,P1,tonnes,GRADE 2,2.26,Ford2,3,,,,Mar wk 1 - 24
3/11/2024,693,Merchants,P1,tonnes,GRADE 3,2.2,Ford2,3,,,,Mar wk 2 - 24
3/11/2024,694,Merchants,P1,tonnes,GRADE 2,5.48,MB1,10,,,,Mar wk 2 - 24
3/11/2024,695,Merchants,P1,tonnes,GRADE 3,2.62,Ford2,3,,,,Mar wk 2 - 24
3/11/2024,696,Farmers,P1,tonnes,GRADE 2,3.79,Dyna2,5,,,,Mar wk 2 - 24
3/11/2024,697,Merchants,P1,tonnes,GRADE 2,2.5,Ford2,3,,,,Mar wk 2 - 24
3/11/2024,698,Farmers,P1,tonnes,GRADE 2,2.77,Dyna2,5,,,,Mar wk 2 - 24
3/11/2024,699,Merchants,P1,tonnes,GRADE 3,2.17,Ford2,3,,,,Mar wk 2 - 24
3/12/2024,700,Merchants,P1,tonnes,GRADE 2,5.71,MB1,10,,,,Mar wk 2 - 24
3/12/2024,701,Farmers,P1,tonnes,GRADE 1,1.17,Ford2,3,,,,Mar wk 2 - 24
3/12/2024,702,Merchants,P1,tonnes,GRADE 3,4.87,Dyna2,5,,,,Mar wk 2 - 24
3/12/2024,703,Merchants,P1,tonnes,GRADE 3,1.97,Ford2,3,,,,Mar wk 2 - 24
3/12/2024,704,Merchants,P1,tonnes,GRADE 3,1.78,Ford2,3,,,,Mar wk 2 - 24
3/12/2024,705,Merchants,P1,tonnes,GRADE 3,5.35,MB1,10,,,,Mar wk 2 - 24
3/12/2024,706,Merchants,P1,tonnes,GRADE 3,1.65,Ford2,3,,,,Mar wk 2 - 24
3/13/2024,707,Farmers,P1,tonnes,GRADE 3,8.28,MB1,10,IWURU CENTRAL,"5.398526, 2206200",5808,Mar wk 2 - 24
3/13/2024,708,Merchants,P1,tonnes,GRADE 3,2.51,Ford2,3,BIG IWURU,,5811,Mar wk 2 - 24
3/13/2024,709,Merchants,P1,tonnes,GRADE 3,2.63,Ford2,3,BIG IWURU,,5809,Mar wk 2 - 24
3/13/2024,710,Farmers,P1,tonnes,GRADE 3,4.59,Dyna3,6,UYANGA,,5810,Mar wk 2 - 24
3/14/2024,711,Farmers,P1,tonnes,GRADE 3,2.75,Ford2,3,EHOM,"5.446540, 8.154211",5812,Mar wk 2 - 24
3/14/2024,712,Farmers,P1,tonnes,GRADE 3,5.35,Dyna3,6,UYANGA,,5815,Mar wk 2 - 24
3/14/2024,713,Merchants,P1,tonnes,GRADE 3,1.9,Ford2,3,BIG IWURU,,5816,Mar wk 2 - 24
3/14/2024,714,Merchants,P1,tonnes,GRADE 3,7.17,MB1,10,,,5817,Mar wk 2 - 24
3/14/2024,715,Farmers,P1,tonnes,GRADE 3,5.41,Dyna3,6,EHOM,"5.446540,8.154211",5819,Mar wk 2 - 24
3/14/2024,716,Merchants,P1,tonnes,GRADE 3,2.2,Ford2,3,BIG IWURU,,5818,Mar wk 2 - 24
3/14/2024,717,Farmers,P1,tonnes,GRADE 3,5.62,Dyna3,6,UYANGA,,5820,Mar wk 2 - 24
3/15/2024,718,Farmers,P1,tonnes,GRADE 3,8.73,MB1,10,BETEM IN IGBOFIA,"5.51122, 8.10860",,Mar wk 2 - 24
3/15/2024,721,Farmers,P1,tonnes,GRADE 3,1.67,Ford2,3,UMAI,"5.5856820,8.1181290",5822,Mar wk 2 - 24
3/15/2024,722,Merchants,P1,tonnes,GRADE 2,5.19,Dyna3,6,,,5826,Mar wk 2 - 24
3/15/2024,723,Farmers,P1,tonnes,GRADE 3,1.96,Ford2,3,UMAI,"5.5856820,8.1181290",5823,Mar wk 2 - 24
3/15/2024,724,Merchants,P1,tonnes,GRADE 3,3.18,Dyna3,6,BIG IWURU,,5825,Mar wk 2 - 24
3/15/2024,725,Merchants,P1,tonnes,GRADE 3,2.2,Ford2,3,,,5824,Mar wk 2 - 24
3/15/2024,726,Merchants,P1,tonnes,GRADE 2,10.17,MB1,10,AKAMKPA,,5821,Mar wk 2 - 24
3/16/2024,727,Farmers,P1,tonnes,GRADE 2,4.24,Dyna3,6,UMAI,"5.5856820,8.1181290",5828,Mar wk 2 - 24
3/16/2024,728,Farmers,P1,tonnes,GRADE 3,1.69,Ford2,3,BETEM IN IGBOFIA,"5.51122, 8.10860",,Mar wk 2 - 24
3/16/2024,729,Merchants,P1,tonnes,GRADE 3,9.86,MB1,10,AKPET,,5827,Mar wk 2 - 24
3/16/2024,730,Farmers,P1,tonnes,GRADE 3,3.46,Dyna3,6,BETEM IN IGBOFIA,"5.51122, 8.10860",,Mar wk 2 - 24
3/18/2024,731,Farmers,P1,tonnes,GRADE 2,2.44,Ford2,3,OJOR,5.4005833,5829,Mar wk 3 - 24
3/18/2024,732,Merchants,P1,tonnes,GRADE 2,5.17,Dyna3,6,,,5830,Mar wk 3 - 24
3/18/2024,733,Merchants,P1,tonnes,GRADE 3,4.39,Dyna2,5,,,5831,Mar wk 3 - 24
3/19/2024,735,Farmers,P1,tonnes,GRADE 3,1.45,Ford2,3,AKPET,,,Mar wk 3 - 24
3/19/2024,736,Farmers,P1,tonnes,GRADE 2,4.78,Dyna2,5,AYABA,,5833,Mar wk 3 - 24
3/19/2024,741,Farmers,P1,tonnes,GRADE 2,2.2,Ford2,3,UMAI,"5.5856820,8.1181290",5832,Mar wk 3 - 24
3/19/2024,738,Farmers,P1,tonnes,GRADE 2,0.86,Ford2,3,,,5834,Mar wk 3 - 24
3/19/2024,739,Merchants,P1,tonnes,GRADE 2,0.88,Ford2,3,,,,Mar wk 3 - 24
3/20/2024,741,Merchants,P1,tonnes,GRADE 2,4.39,Dyna2,5,,,,Mar wk 3 - 24
3/20/2024,742,Merchants,P1,tonnes,GRADE 2,2.74,Ford2,3,,,5841,Mar wk 3 - 24
3/20/2024,743,Merchants,P1,tonnes,GRADE 2,3.09,Ford2,3,,,5832,Mar wk 3 - 24
3/21/2024,744,Merchants,P1,tonnes,GRADE 3,8.58,MB1,10,,,5836,Mar wk 3 - 24
3/21/2024,745,Farmers,P1,tonnes,GRADE 3,5.17,Dyna3,6,UYANGA,,,Mar wk 3 - 24
3/21/2024,746,Merchants,P1,tonnes,GRADE 3,2.26,Ford2,3,AKPET,,5835,Mar wk 3 - 24
3/21/2024,747,Merchants,P1,tonnes,GRADE 2,4.48,Dyna2,5,,,5837,Mar wk 3 - 24
3/21/2024,748,Farmers,P1,tonnes,GRADE 2,4.23,Dyna3,6,UYANGA,,,Mar wk 3 - 24
3/21/2024,749,Merchants,P1,tonnes,GRADE 2,3.79,Dyna2,5,,,5838,Mar wk 3 - 24
3/22/2024,750,Farmers,P1,tonnes,GRADE 3,3.09,Dyna3,6,BETEM IN IGBOFIA,"5.51122, 8.10860",,Mar wk 3 - 24
3/22/2024,751,Farmers,P1,tonnes,GRADE 1,7.24,MB1,10,SMALL IWURU,"5.38377, 8.2028700",,Mar wk 3 - 24
3/22/2024,752,Merchants,P1,tonnes,GRADE 3,4.03,Dyna3,6,,,,Mar wk 3 - 24
3/22/2024,753,Farmers,P1,tonnes,GRADE 3,3.94,MB1,10,IGBOFIA,"5.51137,8.10846",,Mar wk 3 - 24
3/22/2024,754,Merchants,P1,tonnes,GRADE 3,4.88,Dyna3,6,,,,Mar wk 3 - 24
3/23/2024,755,Merchants,P1,tonnes,GRADE 3,2.43,Ford2,3,AKPET,,,Mar wk 3 - 24
3/23/2024,756,Merchants,P1,tonnes,GRADE 2,5.01,Dyna2,5,,,,Mar wk 3 - 24
3/23/2024,757,Merchants,P1,tonnes,GRADE 3,4.28,Dyna3,6,,,,Mar wk 3 - 24
3/23/2024,758,Merchants,P1,tonnes,GRADE 3,1.77,Ford2,3,AKPET,,,Mar wk 3 - 24
3/23/2024,759,Farmers,P1,tonnes,GRADE 2,2.82,Dyna2,5,UYANGA,"5.3901903,8.2464225",,Mar wk 3 - 24
3/25/2024,760,Merchants,P1,tonnes,GRADE 3,4.84,MB1,10,OJOR,,,Mar wk 4 - 24
3/25/2024,761,Merchants,P1,tonnes,GRADE 2,2.07,Ford2,3,,,,Mar wk 4 - 24
3/25/2024,762,Farmers,P1,tonnes,GRADE 2,3.09,Dyna2,5,BIG IWURU,,,Mar wk 4 - 24
3/25/2024,763,Merchants,P1,tonnes,GRADE 2,2.11,Ford2,3,,,,Mar wk 4 - 24
3/25/2024,764,Farmers,P1,tonnes,GRADE 2,3.2,Dyna2,5,UYANGA,,,Mar wk 4 - 24
3/25/2024,765,Farmers,P1,tonnes,GRADE 2,7.88,MB1,10,IGBOFIA,,,Mar wk 4 - 24
3/26/2024,766,Merchants,P1,tonnes,GRADE 3,2.56,Ford2,3,,,,Mar wk 4 - 24
3/26/2024,767,Merchants,P1,tonnes,GRADE 3,3.97,Dyna2,5,,,,Mar wk 4 - 24
3/26/2024,768,Farmers,P1,tonnes,GRADE 3,2.27,Ford2,3,UMAI,,,Mar wk 4 - 24
3/26/2024,769,Merchants,P1,tonnes,GRADE  3,5.3,Dyna2,5,,,,Mar wk 4 - 24
3/27/2024,771,Merchants,P1,tonnes,GRADE 3,1.49,Ford2,3,,,,Mar wk 4 - 24
3/27/2024,772,Merchants,P1,tonnes,GRADE 3,2.73,Ford2,3,,,,Mar wk 4 - 24
3/27/2024,773,Farmers,P1,tonnes,GRADE 3,3.32,Dyna2,5,UYANGA,,,Mar wk 4 - 24
3/27/2024,774,Merchants,P1,tonnes,GRADE 3,4.18,Dyna3,6,,,,Mar wk 4 - 24
3/27/2024,775,Farmers,P1,tonnes,GRADE 3,2.14,Ford2,3,,,,Mar wk 4 - 24
3/27/2024,776,Merchants,P1,tonnes,GRADE 3,2.52,Dyna3,6,,,,Mar wk 4 - 24
3/28/2024,777,Merchants,P1,tonnes,GRADE 2,1.79,Ford2,3,AKPET,,,Mar wk 4 - 24
3/28/2024,778,Farmers,P1,tonnes,GRADE 1,4.45,Dyna3,6,OJOR,5.4005833,,Mar wk 4 - 24
3/28/2024,779,Merchants,P1,tonnes,GRADE 3,3.03,Dyna2,5,,,,Mar wk 4 - 24
3/28/2024,780,Farmers,P1,tonnes,GRADE 2,2.42,Ford2,3,,,,Mar wk 4 - 24
3/28/2024,781,Farmers,P1,tonnes,GRADE 3,3.3,Dyna2,5,IGBOFIA,,,Mar wk 4 - 24
3/28/2024,782,Farmers,P1,tonnes,GRADE 2,6.47,MB1,10,UYANGA,,,Mar wk 4 - 24
3/28/2024,783,Farmers,P1,tonnes,GRADE 2,4.65,Dyna3,6,UYANGA,,,Mar wk 4 - 24
3/29/2024,784,Farmers,P1,tonnes,GRADE 2,5.21,Dyna3,6,,,,Mar wk 4 - 24
3/29/2024,786,Farmers,P1,tonnes,GRADE 3,4.95,Dyna3,6,UYANGA,,,Mar wk 4 - 24
3/29/2024,785,Merchants,P1,tonnes,GRADE 2,3.92,Dyna2,5,AKPET,,,Mar wk 4 - 24
3/29/2024,788,Merchants,P1,tonnes,GRADE 3,2.37,Ford2,3,AKPET,,,Mar wk 4 - 24
3/29/2024,787,Farmers,P1,tonnes,GRADE 2,6.8,MB1,10,,,,Mar wk 4 - 24
3/29/2024,789,Farmers,P1,tonnes,GRADE 1,1.02,Ford2,3,,,,Mar wk 4 - 24
4/2/2024,790,Merchants,P1,tonnes,GRADE 3,1.92,Ford2,3,,,,Apr wk 1 - 24
4/2/2024,791,Farmers,P1,tonnes,GRADE 2,5.44,MB1,10,,,,Apr wk 1 - 24
4/2/2024,792,Farmers,P1,tonnes,GRADE 3,2.93,Dyna2,5,,,,Apr wk 1 - 24
4/2/2024,793,Merchants,P1,tonnes,GRADE 2,2.07,Ford2,3,,,,Apr wk 1 - 24
4/2/2024,794,Merchants,P1,tonnes,GRADE 2,3.33,Dyna2,5,,,,Apr wk 1 - 24
4/2/2024,795,Merchants,P1,tonnes,GRADE 3,6.53,MB1,10,,,,Apr wk 1 - 24
4/3/2024,796,Merchants,P1,tonnes,GRADE 3,4.22,Dyna3,6,,,,Apr wk 1 - 24
4/3/2024,797,Merchants,P1,tonnes,GRADE 2,2.48,Ford2,3,UYANGA,"5.3901903,8.2464225",,Apr wk 1 - 24
4/3/2024,798,Merchants,P1,tonnes,GRADE 3,2.8,Dyna2,5,,,,Apr wk 1 - 24
4/3/2024,799,Farmers,P1,tonnes,GRADE 3,4.79,Dyna3,6,,,,Apr wk 1 - 24
4/3/2024,800,Merchants,P1,tonnes,GRADE 3,5.81,MB1,10,,,,Apr wk 1 - 24
4/4/2024,801,Farmers,P1,tonnes,GRADE 2,5.4,Dyna3,6,,,,Apr wk 1 - 24
4/4/2024,802,Merchants,P1,tonnes,GRADE 2,1.91,Ford2,3,AKPET,,,Apr wk 1 - 24
4/4/2024,803,Farmers,P1,tonnes,GRADE 3,4.82,Dyna2,5,UYANGA,,,Apr wk 1 - 24
4/4/2024,804,Merchants,P1,tonnes,GRADE 3,2.71,Ford2,3,AKPET,,,Apr wk 1 - 24
4/4/2024,805,Farmers,P1,tonnes,GRADE 3,3.24,Dyna3,6,,,,Apr wk 1 - 24
4/4/2024,806,Merchants,P1,tonnes,GRADE 3,3.03,Dyna2,5,,,,Apr wk 1 - 24
4/4/2024,807,Merchants,P1,tonnes,GRADE 3,1.48,Ford2,3,AKPET,,,Apr wk 1 - 24
4/4/2024,808,Merchants,P1,tonnes,GRADE 3,5.07,Dyna3,6,,,,Apr wk 1 - 24
4/5/2024,809,Farmers,P1,tonnes,GRADE 3,4.58,Dyna2,5,UYANGA,,,Apr wk 1 - 24
4/5/2024,810,Merchants,P1,tonnes,GRADE 3,3.93,Dyna3,6,,,,Apr wk 1 - 24
4/5/2024,811,Farmers,P1,tonnes,GRADE 3,2.2,Ford2,3,UMAI,,,Apr wk 1 - 24
4/5/2024,812,Merchants,P1,tonnes,GRADE 3,5.05,Dyna2,5,OJOR,,,Apr wk 1 - 24
4/5/2024,813,Farmers,P1,tonnes,GRADE 3,1.27,Ford2,3,,,,Apr wk 1 - 24
4/5/2024,814,Farmers,P1,tonnes,GRADE 3,1.66,Ford2,3,UMAI,,,Apr wk 1 - 24
4/5/2024,815,Farmers,P1,tonnes,GRADE 3,7.98,MB1,10,UYANGA,,,Apr wk 1 - 24
4/6/2024,816,Merchants,P1,tonnes,GRADE 3,2.9,Dyna2,5,,,,Apr wk 1 - 24
4/6/2024,817,Farmers,P1,tonnes,GRADE 2,3.33,Dyna3,6,AGBAANA,,,Apr wk 1 - 24
4/6/2024,818,Merchants,P1,tonnes,GRADE 2,1.98,Ford2,3,,,,Apr wk 1 - 24
4/6/2024,819,Merchants,P1,tonnes,GRADE 3,4.15,Dyna3,6,,,,Apr wk 1 - 24
4/6/2024,820,Merchants,P1,tonnes,GRADE 3,2.43,Ford2,3,,,,Apr wk 1 - 24
4/6/2024,821,Merchants,P1,tonnes,GRADE 3,2.75,Dyna3,6,,,,Apr wk 1 - 24
4/6/2024,822,Farmers,P1,tonnes,GRADE 3,2.09,Ford2,3,,,,Apr wk 1 - 24
4/6/2024,823,Farmers,P1,tonnes,GRADE 3,4.97,MB1,10,,,,Apr wk 1 - 24
4/8/2024,826,Farmers,P1,tonnes,GRADE 3,1.91,Ford2,3,,,,Apr wk 2 - 24
4/8/2024,827,Merchants,P1,tonnes,GRADE 3,4.05,Dyna2,5,,,,Apr wk 2 - 24
4/8/2024,828,Merchants,P1,tonnes,GRADE 3,3.08,Dyna3,6,,,,Apr wk 2 - 24
4/8/2024,829,Merchants,P1,tonnes,GRADE 3,2.6,Dyna2,5,,,,Apr wk 2 - 24
4/8/2024,830,Merchants,P1,tonnes,GRADE 3,2.11,Ford2,3,,,,Apr wk 2 - 24
4/8/2024,831,Merchants,P1,tonnes,GRADE 3,3.96,Dyna3,6,,,,Apr wk 2 - 24
4/9/2024,832,Farmers,P1,tonnes,GRADE 3,0.87,Ford2,3,,,,Apr wk 2 - 24
4/9/2024,833,Farmers,P1,tonnes,GRADE 1,6.61,MB1,10,,,,Apr wk 2 - 24
4/9/2024,834,Merchants,P1,tonnes,GRADE 3,2.66,Ford2,3,,,,Apr wk 2 - 24
4/10/2024,836,Merchants,P1,tonnes,GRADE 3,4.81,Dyna3,6,,,,Apr wk 2 - 24
4/10/2024,837,Farmers,P1,tonnes,GRADE 2,2.03,Ford2,3,,,,Apr wk 2 - 24
4/10/2024,838,Farmers,P1,tonnes,GRADE 2,1.93,Ford2,3,,,,Apr wk 2 - 24
4/11/2024,839,Merchants,P1,tonnes,GRADE 2,2.25,Ford2,3,AKPET,,,Apr wk 2 - 24
4/11/2024,840,Merchants,P1,tonnes,GRADE 3,2.03,Ford2,3,,,,Apr wk 2 - 24
4/11/2024,841,Merchants,P1,tonnes,GRADE 1,3.94,Dyna2,5,,,,Apr wk 2 - 24
4/11/2024,842,Farmers,P1,tonnes,GRADE 4,3.82,MB1,10,IGBOFIA,,,Apr wk 2 - 24
4/11/2024,843,Merchants,P1,tonnes,GRADE 3,2.24,Ford2,3,,,,Apr wk 2 - 24
4/11/2024,844,Farmers,P1,tonnes,GRADE 2,3.64,Dyna2,5,,,,Apr wk 2 - 24
4/12/2024,845,Merchants,P1,tonnes,GRADE 3,1.97,Ford2,3,,,,Apr wk 2 - 24
4/12/2024,846,Farmers,P1,tonnes,GRADE 1,3.72,Dyna2,5,,,,Apr wk 2 - 24
4/12/2024,847,Merchants,P1,tonnes,GRADE 3,2.37,Ford2,3,,,,Apr wk 2 - 24
4/12/2024,848,Farmers,P1,tonnes,GRADE 3,0.99,Ford2,3,,,,Apr wk 2 - 24
4/12/2024,849,Farmers,P1,tonnes,GRADE 1,3.76,Dyna2,5,,,,Apr wk 2 - 24
4/12/2024,850,Farmers,P1,tonnes,GRADE 3,5.22,Dyna2,5,,,,Apr wk 2 - 24
4/12/2024,851,Merchants,P1,tonnes,GRADE 3,2.52,Ford2,3,AKPET,,,Apr wk 2 - 24
4/13/2024,852,Merchants,P1,tonnes,GRADE 3,2.38,Ford2,3,,,,Apr wk 2 - 24
4/13/2024,853,Farmers,P1,tonnes,GRADE 3,4.96,Dyna3,6,UYANGA,,,Apr wk 2 - 24
4/13/2024,854,Merchants,P1,tonnes,GRADE 3,2.34,Ford2,3,,,,Apr wk 2 - 24
4/13/2024,855,Merchants,P1,tonnes,GRADE 3,5.61,Dyna2,5,,,,Apr wk 2 - 24
4/13/2024,856,Farmers,P1,tonnes,GRADE 2,3.47,MB1,10,,,,Apr wk 2 - 24
4/13/2024,857,Merchants,P1,tonnes,GRADE 3,2.26,Ford2,3,,,,Apr wk 2 - 24
4/13/2024,858,Merchants,P1,tonnes,GRADE 3,4.5,Dyna2,5,,,,Apr wk 2 - 24
4/13/2024,859,Merchants,P1,tonnes,GRADE 3,3.4,Dyna2,5,,,,Apr wk 2 - 24
4/13/2024,860,Merchants,P1,tonnes,GRADE 3,2.68,Ford2,3,AKPET,,,Apr wk 2 - 24
4/14/2024,861,Merchants,P1,tonnes,GRADE 1,1.75,Ford2,3,,,,Apr wk 2 - 24
4/14/2024,862,Farmers,P1,tonnes,GRADE 3,4.54,Dyna2,5,UYANGA,,,Apr wk 2 - 24
4/14/2024,863,Merchants,P1,tonnes,GRADE 2,1.86,Ford2,3,,,,Apr wk 2 - 24
4/15/2024,865,Merchants,P1,tonnes,GRADE 2,5.06,Dyna2,5,,,,Apr wk 3 - 24
4/15/2024,866,Farmers,P1,tonnes,GRADE 2,2.29,Ford2,3,,,,Apr wk 3 - 24
4/15/2024,867,Farmers,P1,tonnes,GRADE 3,1.72,Ford2,3,,,,Apr wk 3 - 24
4/15/2024,868,Farmers,P1,tonnes,GRADE 3,5.47,Dyna2,5,,,,Apr wk 3 - 24
4/15/2024,869,Farmers,P1,tonnes,GRADE 3,4.41,Dyna2,5,,,,Apr wk 3 - 24
4/15/2024,870,Farmers,P1,tonnes,GRADE 3,1.71,Ford2,3,,,,Apr wk 3 - 24
4/16/2024,871,Farmers,P1,tonnes,GRADE 2,1.59,Ford2,3,,,,Apr wk 3 - 24
4/16/2024,872,Farmers,P1,tonnes,GRADE 2,2.46,Ford2,3,,,,Apr wk 3 - 24
4/16/2024,873,Merchants,P1,tonnes,GRADE 3,2.8,Ford2,3,,,,Apr wk 3 - 24
4/16/2024,874,Merchants,P1,tonnes,GRADE 3,2.47,Ford2,3,,,,Apr wk 3 - 24
4/17/2024,875,Merchants,P1,tonnes,GRADE 2,3.84,Dyna2,5,,,,Apr wk 3 - 24
4/18/2024,876,Merchants,P1,tonnes,GRADE 3,4.32,MB1,10,,,,Apr wk 3 - 24
4/18/2024,877,Farmers,P1,tonnes,GRADE 2,4.34,Dyna2,5,,,,Apr wk 3 - 24
4/18/2024,878,Farmers,P1,tonnes,GRADE 2,6.85,MB1,10,,,,Apr wk 3 - 24
4/18/2024,879,Farmers,P1,tonnes,GRADE 2,4.3,Dyna2,5,,,,Apr wk 3 - 24
4/18/2024,880,Merchants,P1,tonnes,GRADE 3,3.41,3PL,0,,,,Apr wk 3 - 24
4/19/2024,881,Farmers,P1,tonnes,GRADE 3,3.02,Dyna2,5,IGBOFIA,,,Apr wk 3 - 24
4/19/2024,882,Merchants,P1,tonnes,GRADE 3,3.61,3PL,0,,,,Apr wk 3 - 24
4/19/2024,883,Farmers,P1,tonnes,GRADE 2,5.98,MB1,10,,,,Apr wk 3 - 24
4/19/2024,884,Farmers,P1,tonnes,GRADE 2,2.34,Ford2,3,,,,Apr wk 3 - 24
4/19/2024,885,Merchants,P1,tonnes,GRADE 3,3.43,3PL,0,,,,Apr wk 3 - 24
4/19/2024,886,Farmers,P1,tonnes,GRADE 3,4.5,Dyna2,5,,,,Apr wk 3 - 24
4/19/2024,887,Farmers,P1,tonnes,GRADE 2,5.3,MB1,10,,,,Apr wk 3 - 24
4/19/2024,888,Merchants,P1,tonnes,GRADE 3,3.57,3PL,0,,,,Apr wk 3 - 24
4/19/2024,889,Merchants,P1,tonnes,GRADE 3,3.06,Ford2,3,,,,Apr wk 3 - 24
4/19/2024,890,Farmers,P1,tonnes,GRADE 2,4.22,Dyna2,5,,,,Apr wk 3 - 24
4/19/2024,891,Merchants,P1,tonnes,GRADE 3,6.59,MB1,10,,,,Apr wk 3 - 24
4/19/2024,892,Merchants,P1,tonnes,GRADE 3,3.55,3PL,0,,,,Apr wk 3 - 24
4/19/2024,893,Merchants,P1,tonnes,GRADE 3,2.8,Ford2,3,,,,Apr wk 3 - 24
4/20/2024,894,Merchants,P1,tonnes,GRADE 3,2.33,Ford2,3,,,,Apr wk 3 - 24
4/20/2024,895,Farmers,P1,tonnes,GRADE 2,3.18,3PL,0,,,,Apr wk 3 - 24
4/20/2024,896,Merchants,P1,tonnes,GRADE 1,9.02,MB1,10,,,,Apr wk 3 - 24
4/20/2024,897,Merchants,P1,tonnes,GRADE 3,4.27,Dyna3,6,,,,Apr wk 3 - 24
4/20/2024,898,Farmers,P1,tonnes,GRADE 3,2.37,Ford2,3,,,,Apr wk 3 - 24
4/20/2024,899,Merchants,P1,tonnes,GRADE 1,9.21,MB1,10,,,,Apr wk 3 - 24
4/20/2024,900,Merchants,P1,tonnes,GRADE 2,5.82,Dyna2,5,,,,Apr wk 3 - 24
4/20/2024,901,Farmers,P1,tonnes,GRADE 3,2.53,3PL,0,,,,Apr wk 3 - 24
4/20/2024,902,Merchants,P1,tonnes,GRADE 1,6.13,MB1,10,,,,Apr wk 3 - 24
4/20/2024,904,Farmers,P1,tonnes,GRADE 3,1.67,Ford2,3,,,,Apr wk 3 - 24
4/20/2024,903,Merchants,P1,tonnes,GRADE 3,3.22,Dyna3,6,,,,Apr wk 3 - 24
4/20/2024,905,Farmers,P1,tonnes,GRADE 2,4.09,Dyna2,5,,,,Apr wk 3 - 24
4/22/2024,906,Merchants,P1,tonnes,GRADE 2,2.51,Ford2,3,,,,Apr wk 4 - 24
4/22/2024,907,Merchants,P1,tonnes,GRADE 3,5.27,Dyna3,6,,,,Apr wk 4 - 24
4/22/2024,908,Farmers,P1,tonnes,GRADE 2,5.22,MB1,10,,,,Apr wk 4 - 24
4/22/2024,909,Merchants,P1,tonnes,GRADE 3,2.56,Ford2,3,,,,Apr wk 4 - 24
4/22/2024,910,Merchants,P1,tonnes,GRADE 3,2.46,Ford2,3,,,,Apr wk 4 - 24
4/22/2024,911,Merchants,P1,tonnes,GRADE 3,5.98,MB1,10,,,,Apr wk 4 - 24
4/22/2024,912,Merchants,P1,tonnes,GRADE 2,4.95,Dyna2,5,,,,Apr wk 4 - 24
4/23/2024,913,Merchants,P1,tonnes,GRADE 3,2.48,Ford2,3,,,,Apr wk 4 - 24
4/23/2024,915,Merchants,P1,tonnes,GRADE 3,0.73,Dyna3,6,,,,Apr wk 4 - 24
4/23/2024,916,Merchants,P1,tonnes,GRADE 3,1.91,Ford2,3,,,,Apr wk 4 - 24
4/23/2024,917,Merchants,P1,tonnes,GRADE 3,8.27,MB1,10,,,,Apr wk 4 - 24
4/23/2024,918,Merchants,P1,tonnes,GRADE 3,2.05,Ford2,3,,,,Apr wk 4 - 24
4/23/2024,919,Merchants,P1,tonnes,GRADE 3,5.38,MB1,10,,,,Apr wk 4 - 24
4/24/2024,920,Farmers,P1,tonnes,GRADE 3,2.45,Ford2,3,EHOM,"5.446540, 8.154211",,Apr wk 4 - 24
4/24/2024,921,Farmers,P1,tonnes,GRADE 3,1.88,Ford2,3,,,,Apr wk 4 - 24
4/24/2024,922,Farmers,P1,tonnes,GRADE 3,1.82,3PL,0,,,,Apr wk 4 - 24
4/24/2024,923,Farmers,P1,tonnes,GRADE 2,2.34,Ford2,3,,,,Apr wk 4 - 24
4/24/2024,924,Farmers,P1,tonnes,GRADE 3,3.35,3PL,0,,,,Apr wk 4 - 24
4/24/2024,925,Farmers,P1,tonnes,GRADE 3,2.82,3PL,0,,,,Apr wk 4 - 24
4/25/2024,926,Merchants,P1,tonnes,GRADE 3,2.38,Ford2,3,,,,Apr wk 4 - 24
4/25/2024,927,Farmers,P1,tonnes,GRADE 2,4.68,MB1,10,,,,Apr wk 4 - 24
4/25/2024,928,Farmers,P1,tonnes,GRADE 3,3.29,3PL,0,,,,Apr wk 4 - 24
4/25/2024,929,Merchants,P1,tonnes,GRADE 3,1.84,Ford2,3,,,,Apr wk 4 - 24
4/25/2024,930,Farmers,P1,tonnes,GRADE 3,2.93,3PL,0,,,,Apr wk 4 - 24
4/25/2024,931,Farmers,P1,tonnes,GRADE 1,1.41,Ford2,3,,,,Apr wk 4 - 24
4/26/2024,932,Merchants,P1,tonnes,GRADE 2,4.37,MB1,10,,,,Apr wk 4 - 24
4/26/2024,933,Farmers,P1,tonnes,GRADE 3,2.59,Ford2,3,,,,Apr wk 4 - 24
4/26/2024,934,Farmers,P1,tonnes,GRADE 2,2.54,Ford2,3,,,,Apr wk 4 - 24
4/26/2024,935,Merchants,P1,tonnes,GRADE 3,9.87,MB1,10,,,,Apr wk 4 - 24
4/26/2024,936,Farmers,P1,tonnes,GRADE 3,2.49,Ford2,3,,,,Apr wk 4 - 24
4/27/2024,937,Merchants,P1,tonnes,GRADE 3,2.69,Ford2,3,,,,Apr wk 4 - 24
4/27/2024,938,Farmers,P1,tonnes,GRADE 3,3.59,3PL,0,UYANGA,,,Apr wk 4 - 24
4/27/2024,939,Merchants,P1,tonnes,GRADE 2,2.56,Ford2,3,,,,Apr wk 4 - 24
4/27/2024,940,Merchants,P1,tonnes,GRADE 3,10.12,MB1,10,,,,Apr wk 4 - 24
4/27/2024,941,Farmers,P1,tonnes,GRADE 3,2.88,3PL,0,,,,Apr wk 4 - 24
4/27/2024,942,Farmers,P1,tonnes,GRADE 2,2.21,Ford2,3,,,,Apr wk 4 - 24
4/28/2024,943,Farmers,P1,tonnes,GRADE 2,7.08,MB1,10,,,,Apr wk 4 - 24
4/28/2024,944,Farmers,P1,tonnes,GRADE 2,1.76,Ford2,3,,,,Apr wk 4 - 24
4/28/2024,945,Merchants,P1,tonnes,GRADE 2,6.19,MB1,10,,,,Apr wk 4 - 24
4/28/2024,946,Farmers,P1,tonnes,GRADE 3,2.98,Ford2,3,,,,Apr wk 4 - 24
4/29/2024,947,Merchants,P1,tonnes,GRADE 2,6.47,MB1,10,,,,May wk 1 - 24
4/29/2024,948,Merchants,P1,tonnes,GRADE 3,2.38,Ford2,3,,,,May wk 1 - 24
4/29/2024,949,Farmers,P1,tonnes,GRADE 2,8.04,MB1,10,,,,May wk 1 - 24
4/29/2024,950,Merchants,P1,tonnes,GRADE 3,2.27,Ford2,3,,,,May wk 1 - 24
4/29/2024,951,Merchants,P1,tonnes,GRADE 3,3.19,3PL,0,,,,May wk 1 - 24
4/29/2024,952,Merchants,P1,tonnes,GRADE 3,1.17,Ford2,3,,,,May wk 1 - 24
4/29/2024,953,Farmers,P1,tonnes,GRADE 2,8.47,MB1,10,,,,May wk 1 - 24
4/30/2024,954,Farmers,P1,tonnes,GRADE 2,3.53,3PL,0,,,,May wk 1 - 24
4/30/2024,955,Merchants,P1,tonnes,GRADE 2,2.53,Ford2,3,,,,May wk 1 - 24
4/30/2024,956,Farmers,P1,tonnes,GRADE 2,2.29,Ford2,3,,,,May wk 1 - 24
4/30/2024,957,Farmers,P1,tonnes,GRADE 3,5.96,MB1,10,,,,May wk 1 - 24
4/30/2024,959,Merchants,P1,tonnes,GRADE 2,3.52,3PL,0,,,,May wk 1 - 24
4/30/2024,960,Merchants,P1,tonnes,GRADE 3,2.76,Ford2,3,,,,May wk 1 - 24
4/30/2024,961,Merchants,P1,tonnes,GRADE 3,5.51,MB1,10,,,,May wk 1 - 24
5/1/2024,962,Merchants,P1,tonnes,GRADE 3,2.91,3PL,0,,,,May wk 1 - 24
5/1/2024,963,Merchants,P1,tonnes,GRADE 2,8.22,MB1,10,,,,May wk 1 - 24
5/1/2024,964,Merchants,P1,tonnes,GRADE 3,3.1,3PL,0,,,,May wk 1 - 24
5/1/2024,965,Merchants,P1,tonnes,GRADE 3,3.5,3PL,0,,,,May wk 1 - 24
5/1/2024,966,Merchants,P1,tonnes,GRADE 3,2.46,Ford2,3,,,,May wk 1 - 24
5/1/2024,967,Merchants,P1,tonnes,GRADE 2,2.94,3PL,0,,,,May wk 1 - 24
5/1/2024,968,Merchants,P1,tonnes,GRADE 2,8.58,MB1,10,,,,May wk 1 - 24
5/2/2024,970,Merchants,P1,tonnes,GRADE 3,3.37,3PL,0,,,,May wk 1 - 24
5/2/2024,971,Farmers,P1,tonnes,GRADE 2,2.12,Ford2,3,,,,May wk 1 - 24
5/2/2024,972,Merchants,P1,tonnes,GRADE 3,3.3,3PL,0,,,,May wk 1 - 24
5/2/2024,973,Farmers,P1,tonnes,GRADE 2,7.7,MB1,10,,,,May wk 1 - 24
5/2/2024,974,Merchants,P1,tonnes,GRADE 3,3.4,3PL,0,,,,May wk 1 - 24
5/2/2024,975,Farmers,P1,tonnes,GRADE 2,1.84,Ford2,3,,,,May wk 1 - 24
5/2/2024,976,Farmers,P1,tonnes,GRADE 3,8.97,MB1,10,,,,May wk 1 - 24
5/2/2024,977,Merchants,P1,tonnes,GRADE 3,3.59,3PL,0,,,,May wk 1 - 24
5/2/2024,978,Farmers,P1,tonnes,GRADE 2,1.41,Ford2,3,,,,May wk 1 - 24
5/2/2024,979,Farmers,P1,tonnes,GRADE 2,0.74,Ford2,3,,,,May wk 1 - 24
5/2/2024,980,Farmers,P1,tonnes,GRADE 2,7.1,MB1,10,,,,May wk 1 - 24
5/3/2024,981,Farmers,P1,tonnes,GRADE 2,2.05,Ford2,3,,,,May wk 1 - 24
5/3/2024,982,Merchants,P1,tonnes,GRADE 2,3.15,3PL,0,,,,May wk 1 - 24
5/3/2024,983,Farmers,P1,tonnes,GRADE 3,5.56,MB1,10,,,,May wk 1 - 24
5/3/2024,984,Farmers,P1,tonnes,GRADE 2,1.85,Ford2,3,,,,May wk 1 - 24
5/3/2024,985,Farmers,P1,tonnes,GRADE 2,2.45,Ford2,3,,,,May wk 1 - 24
5/3/2024,986,Farmers,P1,tonnes,GRADE 2,0.83,Ford2,3,,,,May wk 1 - 24
5/3/2024,987,Merchants,P1,tonnes,GRADE 2,3.35,3PL,0,,,,May wk 1 - 24
5/3/2024,988,Farmers,P1,tonnes,GRADE 2,4.76,MB1,10,,,,May wk 1 - 24
5/4/2024,989,Merchants,P1,tonnes,GRADE 2,2.49,Ford2,3,,,,May wk 1 - 24
5/4/2024,990,Merchants,P1,tonnes,GRADE 2,3.78,3PL,0,,,,May wk 1 - 24
5/4/2024,991,Merchants,P1,tonnes,GRADE 2,2.24,Ford2,3,,,,May wk 1 - 24
5/4/2024,992,Merchants,P1,tonnes,GRADE 2,2.61,Ford2,3,,,,May wk 1 - 24
5/4/2024,993,Merchants,P1,tonnes,GRADE 3,7.42,MB1,10,,,,May wk 1 - 24
5/4/2024,994,Merchants,P1,tonnes,GRADE 2,3.51,3PL,0,,,,May wk 1 - 24
5/4/2024,995,Merchants,P1,tonnes,GRADE 2,2.2,Ford2,3,,,,May wk 1 - 24
5/4/2024,996,Farmers,P1,tonnes,GRADE 2,6.24,MB1,10,,,,May wk 1 - 24
5/4/2024,997,Merchants,P1,tonnes,GRADE 3,3.52,3PL,0,,,,May wk 1 - 24
5/6/2024,998,Farmers,P1,tonnes,GRADE 4,1.83,Ford2,3,,,,May wk 2 - 24
5/6/2024,999,Farmers,P1,tonnes,GRADE 3,2.95,3PL,0,,,,May wk 2 - 24
5/6/2024,1000,Farmers,P1,tonnes,GRADE 2,2.56,Ford2,3,,,,May wk 2 - 24
5/6/2024,1001,Farmers,P1,tonnes,GRADE 1,5.98,MB1,10,,,,May wk 2 - 24
5/6/2024,1002,Farmers,P1,tonnes,GRADE 3,2.96,3PL,0,,,,May wk 2 - 24
5/6/2024,1003,Merchants,P1,tonnes,GRADE 2,2.5,Ford2,3,,,,May wk 2 - 24
5/6/2024,1004,Farmers,P1,tonnes,GRADE 2,3.07,SP-3PL,0,,,,May wk 2 - 24
5/7/2024,1005,Merchants,P1,tonnes,GRADE 3,1.59,Ford2,3,,,,May wk 2 - 24
5/7/2024,1007,Farmers,P1,tonnes,GRADE 2,1.45,Ford2,3,,,,May wk 2 - 24
5/7/2024,1006,Farmers,P1,tonnes,GRADE 2,5.45,3PL,0,,,,May wk 2 - 24
5/7/2024,1008,Farmers,P1,tonnes,GRADE 2,2.44,Ford2,3,,,,May wk 2 - 24
5/7/2024,1009,Farmers,P1,tonnes,GRADE 2,2.42,Ford2,3,,,,May wk 2 - 24
5/7/2024,1010,Farmers,P1,tonnes,GRADE 3,2.74,3PL,0,,,,May wk 2 - 24
5/7/2024,1011,Farmers,P1,tonnes,GRADE 2,2.11,Ford2,3,,,,May wk 2 - 24
5/8/2024,1012,Merchants,P1,tonnes,GRADE 3,3.11,3PL,0,,,,May wk 2 - 24
5/8/2024,1013,Farmers,P1,tonnes,GRADE 3,2.1,Ford2,3,,,,May wk 2 - 24
5/9/2024,1014,Farmers,P1,tonnes,GRADE 3,2.19,Ford2,3,,,,May wk 2 - 24
5/9/2024,1015,Merchants,P1,tonnes,GRADE 2,2.58,3PL,0,,,,May wk 2 - 24
5/9/2024,1016,Merchants,P1,tonnes,GRADE 3,2.42,Ford2,3,,,,May wk 2 - 24
5/9/2024,1017,Merchants,P1,tonnes,GRADE 3,2.84,3PL,0,,,,May wk 2 - 24
5/10/2024,1018,Merchants,P1,tonnes,GRADE 3,2.2,Ford2,3,,,,May wk 2 - 24
5/10/2024,1019,Farmers,P1,tonnes,GRADE 3,2.16,Ford2,3,,,,May wk 2 - 24
5/10/2024,1020,Farmers,P1,tonnes,GRADE 3,2.64,3PL,0,,,,May wk 2 - 24
5/10/2024,1021,Farmers,P1,tonnes,GRADE 3,2.67,Ford2,3,,,,May wk 2 - 24
5/10/2024,1022,Farmers,P1,tonnes,GRADE 3,3,3PL,0,,,,May wk 2 - 24
5/10/2024,1023,Merchants,P1,tonnes,GRADE 3,1.9,Ford2,3,,,,May wk 2 - 24
5/10/2024,1024,Merchants,P1,tonnes,GRADE 2,8.27,MB1,10,,,,May wk 2 - 24
5/10/2024,1025,Merchants,P1,tonnes,GRADE 3,2.8,3PL,0,,,,May wk 2 - 24
5/11/2024,1027,Farmers,P1,tonnes,GRADE 2,0.87,Ford2,3,ORIDA JUNCTION,,,May wk 2 - 24
5/11/2024,1026,Farmers,P1,tonnes,GRADE 2,3.13,3PL,0,,,,May wk 2 - 24
5/11/2024,1028,Merchants,P1,tonnes,GRADE 3,4.16,Dyna4,6,,,,May wk 2 - 24
5/13/2024,1039,Merchants,P1,tonnes,GRADE 3,4.9,MB1,10,,,,May wk 3 - 24
5/13/2024,1040,Merchants,P1,tonnes,GRADE 2,5.18,Dyna4,0,,,,May wk 3 - 24
5/13/2024,1041,Farmers,P1,tonnes,GRADE 3,1.31,Ford2,3,,,,May wk 3 - 24
5/13/2024,1042,Merchants,P1,tonnes,GRADE 1,4.26,Dyna4,0,,,,May wk 3 - 24
5/13/2024,1043,Merchants,P1,tonnes,GRADE 2,9.42,MB1,10,,,,May wk 3 - 24
5/13/2024,1044,Farmers,P1,tonnes,GRADE 1,2.45,Ford2,3,,,,May wk 3 - 24
5/13/2024,1045,Merchants,P1,tonnes,GRADE 3,4.4,Dyna4,0,,,,May wk 3 - 24
5/13/2024,1046,Farmers,P1,tonnes,GRADE 2,2.52,Ford2,3,,,,May wk 3 - 24
5/14/2024,1047,Farmers,P1,tonnes,GRADE 3,8.02,MB1,10,,,,May wk 3 - 24
5/14/2024,1048,Merchants,P1,tonnes,GRADE 3,3.36,3PL,0,,,,May wk 3 - 24
5/14/2024,1049,Farmers,P1,tonnes,GRADE 3,2.51,Ford2,3,,,,May wk 3 - 24
5/14/2024,1050,Merchants,P1,tonnes,GRADE 3,3.76,3PL,0,,,,May wk 3 - 24
5/14/2024,1051,Farmers,P1,tonnes,GRADE 2,1.87,Ford2,3,,,,May wk 3 - 24
5/14/2024,1052,Merchants,P1,tonnes,GRADE 2,7.29,MB1,10,,,,May wk 3 - 24
5/14/2024,1054,Farmers,P1,tonnes,GRADE 3,0.85,Ford2,3,,,,May wk 3 - 24
5/14/2024,1055,Merchants,P1,tonnes,GRADE 2,3.42,3PL,0,,,,May wk 3 - 24
5/14/2024,1056,Farmers,P1,tonnes,GRADE 3,0.51,Ford2,3,,,,May wk 3 - 24
5/13/2024,1053,Farmers,P1,tonnes,GRADE 2,4.27,Dyna4,0,,,,May wk 3 - 24
5/15/2024,1057,Farmers,P1,tonnes,GRADE 2,9.07,MB1,10,,,,May wk 3 - 24
5/15/2024,1059,Farmers,P1,tonnes,GRADE 3,2.74,3PL,0,,,,May wk 3 - 24
5/15/2024,1061,Merchants,P1,tonnes,GRADE 1,8.26,SP-3PL,0,,,,May wk 3 - 24
5/15/2024,1062,Farmers,P1,tonnes,GRADE 2,7.27,MB1,10,,,,May wk 3 - 24
5/15/2024,1063,Farmers,P1,tonnes,GRADE 3,2.45,Ford2,3,,,,May wk 3 - 24
5/15/2024,1064,Merchants,P1,tonnes,GRADE 3,1.59,Ford2,3,,,,May wk 3 - 24
5/15/2024,1067,Merchants,P1,tonnes,GRADE 3,3.9,3PL,0,,,,May wk 3 - 24
5/15/2024,1068,Merchants,P1,tonnes,GRADE 3,9.76,MB1,10,,,,May wk 3 - 24
5/15/2024,1066,Farmers,P1,tonnes,GRADE 3,5.15,Dyna2,5,,,,May wk 3 - 24
5/16/2024,1069,Farmers,P1,tonnes,GRADE 1,3.75,3PL,0,,,,May wk 3 - 24
5/16/2024,1070,Farmers,P1,tonnes,GRADE 2,1.73,Ford2,3,,,,May wk 3 - 24
5/16/2024,1072,Farmers,P1,tonnes,GRADE 1,2.1,3PL,0,,,,May wk 3 - 24
5/16/2024,1073,Farmers,P1,tonnes,GRADE 3,4.12,Dyna2,5,,,,May wk 3 - 24
5/16/2024,1074,Merchants,P1,tonnes,GRADE 3,9.74,MB1,10,,,,May wk 3 - 24
5/16/2024,1075,Farmers,P1,tonnes,GRADE 2,1.86,Ford2,3,,,,May wk 3 - 24
5/16/2024,1076,Farmers,P1,tonnes,GRADE 3,2.12,3PL,0,,,,May wk 3 - 24
5/17/2024,1078,Farmers,P1,tonnes,GRADE 2,5.96,MB1,10,,,,May wk 3 - 24
5/17/2024,1079,Farmers,P1,tonnes,GRADE 3,3.74,Dyna2,5,,,,May wk 3 - 24
5/17/2024,1080,Farmers,P1,tonnes,GRADE 2,3.99,Dyna2,5,,,,May wk 3 - 24
5/17/2024,1081,Farmers,P1,tonnes,GRADE 2,2.28,Ford2,3,,,,May wk 3 - 24
5/17/2024,1082,Merchants,P1,tonnes,GRADE 2,5,Dyna4,0,,,,May wk 3 - 24
5/17/2024,1083,Merchants,P1,tonnes,GRADE 3,3.94,Dyna2,5,,,,May wk 3 - 24
5/18/2024,,Farmers,P1,tonnes,GRADE 3,5.08,Dyna4,0,,,,May wk 3 - 24
5/18/2024,,Merchants,P1,tonnes,GRADE 3,2.61,Ford2,3,,,,May wk 3 - 24
5/18/2024,,Merchants,P1,tonnes,GRADE 3,3.24,Dyna4,0,,,,May wk 3 - 24
5/18/2024,,Farmers,P1,tonnes,GRADE 3,2,Ford2,3,,,,May wk 3 - 24
5/18/2024,,Farmers,P1,tonnes,GRADE 3,1.09,Ford2,3,,,,May wk 3 - 24
5/18/2024,,Farmers,P1,tonnes,GRADE 3,3.54,Dyna4,0,,,,May wk 3 - 24
5/18/2024,,Farmers,P1,tonnes,GRADE 3,1.72,Ford2,3,,,,May wk 3 - 24
5/18/2024,,Farmers,P1,tonnes,GRADE 1,4.8,Dyna4,0,,,,May wk 3 - 24
5/18/2024,,Farmers,P1,tonnes,GRADE 3,0.96,Ford2,3,,,,May wk 3 - 24
5/20/2024,,Merchants,P1,tonnes,GRADE 1,5.1,Dyna4,0,,,,May wk 4 - 24
5/20/2024,,Farmers,P1,tonnes,GRADE 3,1.89,Ford2,3,,,,May wk 4 - 24
5/20/2024,,Merchants,P1,tonnes,GRADE 1,8.16,MB1,10,,,,May wk 4 - 24
5/20/2024,,Merchants,P1,tonnes,GRADE 3,4.31,Dyna4,0,,,,May wk 4 - 24
5/21/2024,,Merchants,P1,tonnes,GRADE 3,4.22,Dyna4,0,,,,May wk 4 - 24
5/21/2024,,Merchants,P1,tonnes,GRADE 2,8.72,MB1,10,,,,May wk 4 - 24
5/21/2024,,Merchants,P1,tonnes,GRADE 1,3.23,MB1,10,,,,May wk 4 - 24
5/21/2024,,Farmers,P1,tonnes,GRADE 2,0.93,Ford2,3,,,,May wk 4 - 24
5/21/2024,,Merchants,P1,tonnes,GRADE 2,4.76,Dyna2,5,,,,May wk 4 - 24
5/21/2024,,Merchants,P1,tonnes,GRADE 2,4.77,Dyna4,0,,,,May wk 4 - 24
5/21/2024,,Merchants,P1,tonnes,GRADE 2,4.05,Dyna4,0,,,,May wk 4 - 24
5/22/2024,,Merchants,P1,tonnes,GRADE 2,9.27,MB1,10,,,,May wk 4 - 24
5/22/2024,,Merchants,P1,tonnes,GRADE 2,4.93,Dyna4,0,,,,May wk 4 - 24
5/22/2024,,Merchants,P1,tonnes,GRADE 3,4.45,Dyna4,0,,,,May wk 4 - 24
5/22/2024,,Farmers,P1,tonnes,GRADE 3,2.41,Ford2,3,,,,May wk 4 - 24
5/23/2024,,Merchants,P1,tonnes,GRADE 3,4.42,Dyna4,0,,,,May wk 4 - 24
5/23/2024,,Farmers,P1,tonnes,GRADE 2,6.11,Dyna4,0,,,,May wk 4 - 24
5/23/2024,,Farmers,P1,tonnes,GRADE 2,5.44,MB1,10,,,,May wk 4 - 24
5/23/2024,,Merchants,P1,tonnes,GRADE 2,4.55,Dyna4,0,,,,May wk 4 - 24
5/24/2024,,Farmers,P1,tonnes,GRADE 1,5.64,Dyna4,0,,,,May wk 4 - 24
5/24/2024,,Farmers,P1,tonnes,GRADE 3,8.14,MB1,10,,,,May wk 4 - 24
5/24/2024,,Farmers,P1,tonnes,GRADE 1,5.17,Dyna4,0,,,,May wk 4 - 24
5/24/2024,,Merchants,P1,tonnes,GRADE 2,8.3,MB1,10,,,,May wk 4 - 24
5/24/2024,,Merchants,P1,tonnes,GRADE 3,5.58,Dyna4,0,,,,May wk 4 - 24
5/24/2024,,Merchants,P1,tonnes,GRADE 1,7.76,MB1,10,,,,May wk 4 - 24
5/25/2024,,Merchants,P1,tonnes,GRADE 3,5.97,Dyna4,0,,,,May wk 4 - 24
5/26/2024,,Merchants,P1,tonnes,GRADE 3,5.82,Dyna4,0,,,,May wk 4 - 24
5/28/2024,,Merchants,P1,tonnes,GRADE 3,1.95,SP-3PL,0,,,,May wk 5 - 24
5/28/2024,,Farmers,P1,tonnes,GRADE 2,2.56,Ford2,3,,,,May wk 5 - 24
5/28/2024,,Farmers,P1,tonnes,GRADE 2,5.79,Dyna4,0,,,,May wk 5 - 24
5/28/2024,,Farmers,P1,tonnes,GRADE 3,7.16,MB1,10,,,,May wk 5 - 24
5/29/2024,,Farmers,P1,tonnes,GRADE 2,2.64,Ford2,3,,,,May wk 5 - 24
5/29/2024,,Merchants,P1,tonnes,GRADE 2,4.52,Dyna4,0,,,,May wk 5 - 24
5/29/2024,,Farmers,P1,tonnes,GRADE 2,2.44,Ford2,3,,,,May wk 5 - 24
5/29/2024,,Farmers,P1,tonnes,GRADE 2,5.62,Dyna4,0,,,,May wk 5 - 24
5/29/2024,,Farmers,P1,tonnes,GRADE 1,9.23,MB1,10,,,,May wk 5 - 24
5/30/2024,,Farmers,P1,tonnes,GRADE 3,2.44,Ford2,3,,,,May wk 5 - 24
5/30/2024,,Farmers,P1,tonnes,GRADE 3,4.66,Dyna4,0,,,,May wk 5 - 24
5/30/2024,,Farmers,P1,tonnes,GRADE 3,5.33,MB1,10,,,,May wk 5 - 24
5/30/2024,,Farmers,P1,tonnes,GRADE 2,2.51,Ford2,3,,,,May wk 5 - 24
5/30/2024,,Farmers,P1,tonnes,GRADE 3,3.21,Dyna4,0,,,,May wk 5 - 24
5/30/2024,,Merchants,P1,tonnes,GRADE 2,9.02,MB1,10,,,,May wk 5 - 24
5/30/2024,,Farmers,P1,tonnes,GRADE 3,5.46,Dyna4,0,,,,May wk 5 - 24
5/30/2024,,Merchants,P1,tonnes,GRADE 3,4.51,Dyna4,0,,,,May wk 5 - 24
5/31/2024,,Merchants,P1,tonnes,GRADE 2,9.42,MB1,10,,,,May wk 5 - 24
5/31/2024,,Merchants,P1,tonnes,GRADE 2,2.28,Ford2,3,,,,May wk 5 - 24
5/31/2024,,Merchants,P1,tonnes,GRADE 2,4.05,Dyna4,0,,,,May wk 5 - 24
5/31/2024,,Farmers,P1,tonnes,GRADE 3,2.65,Ford2,3,,,,May wk 5 - 24
5/31/2024,,Merchants,P1,tonnes,GRADE 3,6.07,Dyna4,0,,,,May wk 5 - 24
5/31/2024,,Farmers,P1,tonnes,GRADE 2,4.05,MB1,10,,,,May wk 5 - 24
5/31/2024,,Farmers,P1,tonnes,GRADE 2,2.34,Ford2,3,,,,May wk 5 - 24
5/31/2024,,Merchants,P1,tonnes,GRADE 3,4.22,Dyna4,0,,,,May wk 5 - 24
6/1/2024,,Merchants,P1,tonnes,GRADE 3,10.64,MB1,10,,,,May wk 5 - 24
6/1/2024,,Farmers,P1,tonnes,GRADE 3,2.12,Ford2,3,,,,May wk 5 - 24
6/1/2024,,Merchants,P1,tonnes,GRADE 2,0.51,SP-3PL,0,,,,May wk 5 - 24
6/1/2024,,Farmers,P1,tonnes,GRADE 3,1.74,Ford2,3,,,,May wk 5 - 24
6/1/2024,,Merchants,P1,tonnes,GRADE 3,4.16,Dyna4,0,,,,May wk 5 - 24
6/1/2024,,Farmers,P1,tonnes,GRADE 3,1.23,Ford2,3,,,,May wk 5 - 24
6/1/2024,,Merchants,P1,tonnes,GRADE 2,4.94,Dyna4,0,,,,May wk 5 - 24
6/5/2024,1086,Farmers,P1,tonnes,GRADE 2,2.28,Ford2,3,,,,Jun wk 1 - 24
6/5/2024,1087,Merchants,P1,tonnes,GRADE 2,5.51,Dyna4,0,,,,Jun wk 1 - 24
6/5/2024,1088,Merchants,P1,tonnes,GRADE 3,8.73,MB1,10,,,,Jun wk 1 - 24
6/5/2024,1089,Merchants,P1,tonnes,GRADE 2,2.94,Ford2,3,,,,Jun wk 1 - 24
6/5/2024,1090,Farmers,P1,tonnes,GRADE 2,7.92,MB1,10,,,,Jun wk 1 - 24
6/5/2024,1091,Merchants,P1,tonnes,GRADE 3,3.09,Ford2,3,,,,Jun wk 1 - 24
6/5/2024,1092,Merchants,P1,tonnes,GRADE 3,5.9,Dyna4,0,,,,Jun wk 1 - 24
6/6/2024,1093,Merchants,P1,tonnes,GRADE 2,8.67,MB1,10,,,,Jun wk 1 - 24
6/6/2024,1094,Merchants,P1,tonnes,GRADE 2,5.52,Dyna4,0,,,,Jun wk 1 - 24
6/6/2024,1096,Farmers,P1,tonnes,GRADE 3,3.12,Ford2,3,,,,Jun wk 1 - 24
6/6/2024,1097,Merchants,P1,tonnes,GRADE 3,5.45,Dyna4,0,,,,Jun wk 1 - 24
6/6/2024,1098,Merchants,P1,tonnes,GRADE 1,9.65,MB1,10,,,,Jun wk 1 - 24
6/7/2024,1099,Merchants,P1,tonnes,GRADE 2,4.01,Dyna4,0,,,,Jun wk 1 - 24
6/7/2024,1100,Merchants,P1,tonnes,GRADE 3,4.64,MB1,10,,,,Jun wk 1 - 24
6/7/2024,1101,Farmers,P1,tonnes,GRADE 2,2.21,Ford2,3,,,,Jun wk 1 - 24
6/7/2024,1102,Merchants,P1,tonnes,GRADE 1,2.07,Ford2,3,,,,Jun wk 1 - 24
6/7/2024,1103,Farmers,P1,tonnes,GRADE 2,2.38,Ford2,3,,,,Jun wk 1 - 24
6/8/2024,1104,Merchants,P1,tonnes,GRADE 2,2.32,Ford2,3,,,,Jun wk 1 - 24
6/8/2024,1105,Merchants,P1,tonnes,GRADE 2,3.76,Dyna4,0,,,,Jun wk 1 - 24
6/8/2024,1106,Merchants,P1,tonnes,GRADE 1,2.57,Ford2,3,,,,Jun wk 1 - 24
6/8/2024,1107,Merchants,P1,tonnes,GRADE 2,3.71,Dyna4,0,,,,Jun wk 1 - 24
6/9/2024,1109,Merchants,P1,tonnes,GRADE 2,3.52,Dyna4,0,,,,Jun wk 1 - 24
6/10/2024,1110,Merchants,P1,tonnes,GRADE 2,2.71,Ford2,3,,,,Jun wk 2 - 24
6/10/2024,1111,Farmers,P1,tonnes,GRADE 2,6.27,MB1,10,,,,Jun wk 2 - 24
6/10/2024,1112,Farmers,P1,tonnes,GRADE 2,3.97,Dyna4,0,,,,Jun wk 2 - 24
6/11/2024,1116,Farmers,P1,tonnes,GRADE 3,5.93,MB1,10,,,,Jun wk 2 - 24
6/11/2024,1117,Farmers,P1,tonnes,GRADE 2,4.53,Dyna4,0,,,,Jun wk 2 - 24
6/11/2024,1118,Merchants,P1,tonnes,GRADE 2,4.98,Dyna4,0,,,,Jun wk 2 - 24
6/11/2024,1119,Merchants,P1,tonnes,GRADE 3,4.82,Dyna4,0,,,,Jun wk 2 - 24
6/11/2024,1120,Merchants,P1,tonnes,GRADE 2,6.69,MB1,10,,,,Jun wk 2 - 24
6/11/2024,1121,Merchants,P1,tonnes,GRADE 2,3.72,Dyna4,0,,,,Jun wk 2 - 24
6/12/2024,1122,Farmers,P1,tonnes,GRADE 1,4.55,Dyna4,0,,,,Jun wk 2 - 24
6/12/2024,1123,Farmers,P1,tonnes,GRADE 1,3.94,Dyna4,0,,,,Jun wk 2 - 24
6/12/2024,1124,Farmers,P1,tonnes,GRADE 2,5.36,MB1,10,,,,Jun wk 2 - 24
6/12/2024,1125,Farmers,P1,tonnes,GRADE 2,2.59,Dyna4,0,,,,Jun wk 2 - 24
6/12/2024,1126,Merchants,P1,tonnes,GRADE 2,4.99,Dyna4,0,,,,Jun wk 2 - 24
6/13/2024,1128,Merchants,P1,tonnes,GRADE 2,5.93,MB1,10,,,,Jun wk 2 - 24
6/13/2024,1129,Merchants,P1,tonnes,GRADE 2,4.9,Dyna4,0,,,,Jun wk 2 - 24
6/13/2024,1131,Merchants,P1,tonnes,GRADE 2,3.42,Dyna4,0,,,,Jun wk 2 - 24
6/13/2024,1130,Farmers,P1,tonnes,GRADE 2,9.53,MB1,10,,,,Jun wk 2 - 24
6/14/2024,1132,Merchants,P1,tonnes,GRADE 3,2.88,Dyna4,0,,,,Jun wk 2 - 24
6/14/2024,1133,Merchants,P1,tonnes,GRADE 3,4.18,Dyna4,0,,,,Jun wk 2 - 24
6/15/2024,1134,Farmers,P1,tonnes,GRADE 1,2.38,Ford2,3,,,,Jun wk 2 - 24
6/15/2024,1137,Farmers,P1,tonnes,GRADE 2,2.31,Ford2,3,,,,Jun wk 2 - 24
6/17/2024,1138,Merchants,P1,tonnes,GRADE 2,8.2,MB1,10,,,,Jun wk 3 - 24
6/17/2024,1139,Farmers,P1,tonnes,GRADE 3,2.25,Ford2,3,,,,Jun wk 3 - 24
6/17/2024,1142,Merchants,P1,tonnes,GRADE 2,7.44,MB1,10,,,,Jun wk 3 - 24
6/17/2024,1143,Farmers,P1,tonnes,GRADE 3,2.35,Ford2,3,,,,Jun wk 3 - 24
6/18/2024,1144,Farmers,P1,tonnes,GRADE 1,1.99,Ford2,3,,,,Jun wk 3 - 24
6/18/2024,1145,Merchants,P1,tonnes,GRADE 2,4.61,Dyna4,0,,,,Jun wk 3 - 24
6/18/2024,1146,Merchants,P1,tonnes,GRADE 2,2.41,Ford2,3,,,,Jun wk 3 - 24
6/18/2024,1147,Merchants,P1,tonnes,GRADE 2,2.11,Ford2,3,,,,Jun wk 3 - 24
6/19/2024,1148,Merchants,P1,tonnes,GRADE 2,8.32,MB1,10,,,,Jun wk 3 - 24
6/19/2024,1149,Merchants,P1,tonnes,GRADE 2,2,Ford2,3,,,,Jun wk 3 - 24
6/19/2024,1150,Farmers,P1,tonnes,GRADE 2,4.07,Dyna3,6,,,,Jun wk 3 - 24
6/19/2024,1151,Farmers,P1,tonnes,GRADE 3,1.95,Ford2,3,,,,Jun wk 3 - 24
6/19/2024,1152,Farmers,P1,tonnes,GRADE 2,4.58,Dyna3,6,,,,Jun wk 3 - 24
6/19/2024,1153,Farmers,P1,tonnes,GRADE 2,9.07,MB1,10,,,,Jun wk 3 - 24
6/19/2024,1154,Merchants,P1,tonnes,GRADE 2,4.92,Dyna3,6,,,,Jun wk 3 - 24
6/20/2024,1155,Merchants,Firewood,tonnes,,2.14,MB1,10,,,,Jun wk 3 - 24
6/20/2024,1156,Farmers,P1,tonnes,GRADE 2,2.12,Ford2,3,,,,Jun wk 3 - 24
6/20/2024,1157,Farmers,P1,tonnes,GRADE 2,4.25,Dyna3,6,,,,Jun wk 3 - 24
6/20/2024,1158,Merchants,P1,tonnes,GRADE 3,2.75,Ford2,3,,,,Jun wk 3 - 24
6/21/2024,1159,Merchants,P1,tonnes,GRADE 2,2.11,Ford2,3,,,,Jun wk 3 - 24
6/21/2024,1160,Merchants,P1,tonnes,GRADE 2,7.61,MB1,10,,,,Jun wk 3 - 24
6/21/2024,1161,Merchants,P1,tonnes,GRADE 1,1.65,Ford2,3,,,,Jun wk 3 - 24
6/21/2024,1162,Merchants,P1,tonnes,GRADE 2,6.22,Dyna3,6,,,,Jun wk 3 - 24
6/21/2024,1163,Farmers,P1,tonnes,GRADE 2,9.47,MB1,10,,,,Jun wk 3 - 24
6/21/2024,1164,Merchants,P1,tonnes,GRADE 3,2.1,Ford2,3,,,,Jun wk 3 - 24
6/22/2024,1165,Merchants,P1,tonnes,GRADE 2,4.88,Dyna3,6,,,,Jun wk 3 - 24
6/22/2024,1166,Farmers,P1,tonnes,GRADE 3,2.33,Ford2,3,,,,Jun wk 3 - 24
6/22/2024,1167,Farmers,P1,tonnes,GRADE 2,4.46,Dyna3,6,,,,Jun wk 3 - 24
6/22/2024,1168,Merchants,P1,tonnes,GRADE 2,2.74,Ford2,3,,,,Jun wk 3 - 24
6/22/2024,1169,Farmers,P1,tonnes,GRADE 1,8.32,MB1,10,,,,Jun wk 3 - 24
6/24/2024,1171,Merchants,P1,tonnes,GRADE 2,2.58,Ford2,3,,,,Jun wk 4 - 24
6/24/2024,1172,Merchants,P1,tonnes,GRADE 3,2.53,Ford2,3,,,,Jun wk 4 - 24
6/24/2024,1173,Merchants,P1,tonnes,GRADE 2,4.5,Dyna4,0,,,,Jun wk 4 - 24
6/24/2024,1174,Merchants,P1,tonnes,GRADE 3,5.43,MB1,10,,,,Jun wk 4 - 24
6/24/2024,1175,Merchants,P1,tonnes,GRADE 2,4.53,Dyna3,6,,,,Jun wk 4 - 24
6/24/2024,1177,Merchants,P1,tonnes,GRADE 3,2.36,Ford2,3,,,,Jun wk 4 - 24
6/25/2024,1178,Farmers,P1,tonnes,GRADE 2,2.3,Ford2,3,,,,Jun wk 4 - 24
6/25/2024,1179,Merchants,P1,tonnes,GRADE 3,3.73,Dyna4,0,,,,Jun wk 4 - 24
6/26/2024,1180,Merchants,P1,tonnes,GRADE 1,2.7,Dyna4,0,,,,Jun wk 4 - 24
6/26/2024,1181,Merchants,P1,tonnes,GRADE 3,2.31,Ford2,3,,,,Jun wk 4 - 24
6/26/2024,1182,Merchants,P1,tonnes,GRADE 3,2.31,Ford2,3,,,,Jun wk 4 - 24
6/27/2024,1183,Farmers,P1,tonnes,GRADE 3,4.5,Dyna4,0,,,,Jun wk 4 - 24
6/27/2024,1184,Merchants,P1,tonnes,GRADE 3,2.7,Ford2,3,,,,Jun wk 4 - 24
6/27/2024,1185,Merchants,P1,tonnes,GRADE 3,1.98,Ford2,3,,,,Jun wk 4 - 24
6/27/2024,1186,Merchants,Firewood,tonnes,,3.55,MB1,10,,,,Jun wk 4 - 24
6/27/2024,1187,Farmers,P1,tonnes,GRADE 2,6.93,Dyna4,0,,,,Jun wk 4 - 24
6/27/2024,1188,Farmers,P1,tonnes,GRADE 3,1.79,Ford2,3,,,,Jun wk 4 - 24
6/27/2024,1189,Farmers,P1,tonnes,GRADE 3,2.85,Ford2,3,,,,Jun wk 4 - 24
6/28/2024,1190,Merchants,Firewood,tonnes,,2.78,MB1,10,,,,Jun wk 4 - 24
6/28/2024,1191,Merchants,P1,tonnes,GRADE 3,1.97,Ford2,3,,,,Jun wk 4 - 24
6/28/2024,1192,Farmers,P1,tonnes,GRADE 2,6.04,Dyna4,0,,,,Jun wk 4 - 24
6/28/2024,1193,Merchants,P1,tonnes,GRADE 3,2.03,Ford2,3,,,,Jun wk 4 - 24
6/28/2024,,,,,,,,0,,,,Jun wk 4 - 24
7/1/2024,1228,Merchants,P1,tonnes,GRADE 3,6.23,Dyna3,6,,,,Jul wk 1 - 24
7/1/2024,1230,Merchants,P1,tonnes,GRADE 2,5.91,Dyna4,0,,,,Jul wk 1 - 24
7/1/2024,1231,Merchants,P1,tonnes,GRADE 3,3.41,Dyna4,0,,,,Jul wk 1 - 24
7/1/2024,1232,Farmers,P1,tonnes,GRADE 2,6.04,Dyna3,6,,,,Jul wk 1 - 24
7/1/2024,1233,Merchants,P1,tonnes,GRADE 3,3.26,Dyna4,0,,,,Jul wk 1 - 24
7/2/2024,1234,Merchants,P1,tonnes,GRADE 3,2.68,Ford2,3,,,,Jul wk 1 - 24
7/2/2024,1235,Merchants,P1,tonnes,GRADE 3,4.25,Dyna4,0,,,,Jul wk 1 - 24
7/2/2024,1236,Farmers,P1,tonnes,GRADE 2,1.47,Ford2,3,,,,Jul wk 1 - 24
7/2/2024,1237,Merchants,P1,tonnes,GRADE 3,5.95,MB1,10,,,,Jul wk 1 - 24
7/2/2024,1238,Farmers,P1,tonnes,GRADE 2,4.81,Dyna3,6,,,,Jul wk 1 - 24
7/2/2024,1239,Farmers,P1,tonnes,GRADE 2,2.47,Ford2,3,,,,Jul wk 1 - 24
7/2/2024,1240,Merchants,P1,tonnes,GRADE 2,6.16,Dyna4,0,,,,Jul wk 1 - 24
7/3/2024,1242,Farmers,P1,tonnes,GRADE 2,2.6,Ford2,3,,,,Jul wk 1 - 24
7/3/2024,1243,Farmers,P1,tonnes,GRADE 2,3.54,Dyna4,0,,,,Jul wk 1 - 24
7/3/2024,1244,Merchants,P1,tonnes,GRADE 2,4.33,Dyna3,6,,,,Jul wk 1 - 24
7/3/2024,1245,Merchants,P1,tonnes,GRADE 1,6.66,MB1,10,,,,Jul wk 1 - 24
7/3/2024,1246,Farmers,P1,tonnes,GRADE 2,6.65,Dyna4,0,,,,Jul wk 1 - 24
7/3/2024,1247,Merchants,P1,tonnes,GRADE 2,5.82,Dyna3,6,,,,Jul wk 1 - 24
7/4/2024,1248,Merchants,P1,tonnes,GRADE 2,2.03,Ford2,3,,,,Jul wk 1 - 24
7/4/2024,1249,Farmers,P1,tonnes,GRADE 2,3.58,Dyna4,0,,,,Jul wk 1 - 24
7/4/2024,1250,Farmers,P1,tonnes,GRADE 2,3.77,Dyna3,6,,,,Jul wk 1 - 24
7/4/2024,1254,Farmers,P1,tonnes,GRADE 2,7.45,MB1,10,,,,Jul wk 1 - 24
7/4/2024,1255,Merchants,P1,tonnes,GRADE 2,7.08,Dyna4,0,,,,Jul wk 1 - 24
7/5/2024,1256,Farmers,P1,tonnes,GRADE 2,2.41,Ford2,3,,,,Jul wk 1 - 24
7/5/2024,1257,Farmers,P1,tonnes,GRADE 2,6.83,Dyna4,0,,,,Jul wk 1 - 24
7/5/2024,1258,Farmers,P1,tonnes,GRADE 2,5.1,MB1,10,,,,Jul wk 1 - 24
7/5/2024,1259,Farmers,P1,tonnes,GRADE 3,2.35,Ford2,3,,,,Jul wk 1 - 24
7/6/2024,1260,Merchants,P1,tonnes,GRADE 2,4.11,Dyna4,0,,,,Jul wk 1 - 24
7/6/2024,1261,Farmers,P1,tonnes,GRADE 2,6.19,Dyna3,6,,,,Jul wk 1 - 24
7/6/2024,1262,Farmers,P1,tonnes,GRADE 3,2.15,Ford2,3,,,,Jul wk 1 - 24
7/6/2024,1263,Merchants,P1,tonnes,GRADE 3,3.7,Dyna4,0,,,,Jul wk 1 - 24
7/8/2024,1264,Merchants,P1,tonnes,GRADE 2,4.84,Dyna3,6,,,,Jul wk 2 - 24
7/9/2024,1265,Merchants,P1,tonnes,GRADE 2,4.21,Dyna4,0,,,,Jul wk 2 - 24
7/9/2024,1266,Merchants,P1,tonnes,GRADE 2,3.59,Dyna3,6,,,,Jul wk 2 - 24
7/9/2024,1267,Merchants,P1,tonnes,GRADE 2,5.65,Dyna4,0,,,,Jul wk 2 - 24
7/9/2024,1268,Merchants,P1,tonnes,GRADE 3,4.07,Dyna4,0,,,,Jul wk 2 - 24
7/9/2024,1270,Merchants,P1,tonnes,GRADE 3,4.59,Dyna4,0,,,,Jul wk 2 - 24
7/10/2024,1271,Merchants,P1,tonnes,GRADE 3,4.86,Dyna4,0,,,,Jul wk 2 - 24
7/10/2024,1272,Merchants,Firewood,tonnes,,2.27,MB1,10,,,,Jul wk 2 - 24
7/11/2024,1273,Farmers,P1,tonnes,GRADE 2,3.32,Dyna3,6,,,,Jul wk 2 - 24
7/12/2024,1275,Merchants,P1,tonnes,GRADE 2,4.12,Dyna4,0,,,,Jul wk 2 - 24
7/12/2024,1274,Farmers,P1,tonnes,GRADE 2,3.19,Dyna3,6,,,,Jul wk 2 - 24
7/12/2024,1276,Farmers,P1,tonnes,GRADE 2,6.84,MB1,10,,,,Jul wk 2 - 24
7/12/2024,1277,Merchants,P1,tonnes,GRADE 2,5.28,Dyna4,0,,,,Jul wk 2 - 24
7/12/2024,1278,Merchants,P1,tonnes,GRADE 2,4.94,Dyna3,6,,,,Jul wk 2 - 24
7/13/2024,1279,Farmers,P1,tonnes,GRADE 2,4.43,Dyna4,0,,,,Jul wk 2 - 24
7/13/2024,1280,Farmers,P1,tonnes,GRADE 2,3.54,Dyna3,6,,,,Jul wk 2 - 24
7/13/2024,1281,Merchants,P1,tonnes,GRADE 2,4.88,Dyna4,0,,,,Jul wk 2 - 24
7/14/2024,1283,Merchants,P1,tonnes,GRADE 2,7.85,MB1,10,,,,Jul wk 2 - 24
7/15/2024,1286,Farmers,P1,tonnes,GRADE 2,2.58,Dyna3,6,,,,Jul wk 3 - 24
7/15/2024,1287,Farmers,P1,tonnes,GRADE 2,5.3,Dyna4,0,,,,Jul wk 3 - 24
7/16/2024,1288,Farmers,P1,tonnes,GRADE 3,1.67,Ford2,3,,,,Jul wk 3 - 24
7/16/2024,1289,Farmers,P1,tonnes,GRADE 2,6.73,Dyna4,0,,,,Jul wk 3 - 24
7/16/2024,1290,Merchants,P1,tonnes,GRADE 2,2.44,Ford2,3,,,,Jul wk 3 - 24
7/17/2024,1292,Merchants,P1,tonnes,GRADE 2,2.28,Ford2,3,,,,Jul wk 3 - 24
7/17/2024,1291,Merchants,P1,tonnes,GRADE 2,2.46,Dyna4,0,,,,Jul wk 3 - 24
7/17/2024,1293,Farmers,P1,tonnes,GRADE 1,2.42,Ford2,3,,,,Jul wk 3 - 24
7/17/2024,1294,Farmers,P1,tonnes,GRADE 2,5.44,Dyna4,0,,,,Jul wk 3 - 24
7/17/2024,1295,Merchants,P1,tonnes,GRADE 2,2.12,Ford2,3,,,,Jul wk 3 - 24
7/18/2024,1296,Farmers,P1,tonnes,GRADE 2,4.98,Dyna4,0,,,,Jul wk 3 - 24
7/18/2024,1297,Farmers,P1,tonnes,GRADE 3,3.59,Dyna4,0,,,,Jul wk 3 - 24
7/18/2024,1298,Merchants,P1,tonnes,GRADE 2,2.8,Ford2,3,,,,Jul wk 3 - 24
7/18/2024,1299,Merchants,Firewood,tonnes,,1.86,MB1,10,,,,Jul wk 3 - 24
7/18/2024,1300,Merchants,P1,tonnes,GRADE 2,4.78,Dyna4,0,,,,Jul wk 3 - 24
7/19/2024,1301,Farmers,P1,tonnes,GRADE 2,2.32,Ford2,3,,,,Jul wk 3 - 24
7/19/2024,1302,Farmers,P1,tonnes,GRADE 2,6.73,MB1,10,,,,Jul wk 3 - 24
7/20/2024,1303,Merchants,P1,tonnes,GRADE 2,4.85,MB1,10,,,,Jul wk 3 - 24
7/20/2024,1304,Merchants,P1,tonnes,GRADE 2,7.08,Dyna4,0,,,,Jul wk 3 - 24
7/20/2024,1305,Merchants,P1,tonnes,GRADE 2,2.4,Ford2,3,,,,Jul wk 3 - 24
7/22/2024,1306,Merchants,P1,tonnes,GRADE 2,2.27,Ford2,3,,,,Jul wk 4 - 24
7/22/2024,1307,Merchants,P1,tonnes,GRADE 3,4.06,Dyna4,0,,,,Jul wk 4 - 24
7/22/2024,1308,Merchants,P1,tonnes,GRADE 2,1.68,Ford2,3,,,,Jul wk 4 - 24
7/22/2024,1309,Merchants,P1,tonnes,GRADE 3,4.49,Dyna4,0,,,,Jul wk 4 - 24
7/22/2024,1310,Merchants,P1,tonnes,GRADE 3,2.26,Ford2,3,,,,Jul wk 4 - 24
7/23/2024,1311,Farmers,P1,tonnes,GRADE 3,6.14,MB1,10,,,,Jul wk 4 - 24
7/23/2024,1312,Farmers,P1,tonnes,GRADE 2,2.11,Ford2,3,,,,Jul wk 4 - 24
7/23/2024,1313,Merchants,P1,tonnes,GRADE 3,2.3,Ford2,3,,,,Jul wk 4 - 24
7/23/2024,1314,Merchants,P1,tonnes,GRADE 2,5.76,Dyna4,0,,,,Jul wk 4 - 24
7/23/2024,1315,Farmers,P1,tonnes,GRADE 2,7.17,MB1,10,,,,Jul wk 4 - 24
7/24/2024,1316,Merchants,Firewood,tonnes,,5.64,MB1,10,,,,Jul wk 4 - 24
7/24/2024,1317,Merchants,P1,tonnes,GRADE 2,5.84,Dyna4,0,,,,Jul wk 4 - 24
7/24/2024,1318,Farmers,P1,tonnes,GRADE 2,1.96,Ford2,3,,,,Jul wk 4 - 24
7/24/2024,1319,Farmers,P1,tonnes,GRADE 2,2.44,Ford2,3,,,,Jul wk 4 - 24
7/25/2024,1320,Merchants,P1,tonnes,GRADE 3,2.45,Ford2,3,,,,Jul wk 4 - 24
7/25/2024,1322,Merchants,P1,tonnes,GRADE 2,4.57,Dyna4,0,,,,Jul wk 4 - 24
7/25/2024,1323,Merchants,P1,tonnes,GRADE 2,2.32,Ford2,3,,,,Jul wk 4 - 24
7/25/2024,1324,Merchants,P1,tonnes,GRADE 2,1.9,Ford2,3,,,,Jul wk 4 - 24
7/25/2024,1325,Merchants,P1,tonnes,GRADE 2,5.44,Dyna4,0,,,,Jul wk 4 - 24
7/26/2024,1326,Farmers,P1,tonnes,GRADE 2,1.94,Ford2,3,,,,Jul wk 4 - 24
7/27/2024,1327,Merchants,P1,tonnes,GRADE 1,2.43,Dyna4,0,,,,Jul wk 4 - 24
7/27/2024,1328,Farmers,P1,tonnes,GRADE 2,7.37,Dyna4,0,,,,Jul wk 4 - 24
7/29/2024,1329,Merchants,P1,tonnes,GRADE 2,5.46,Dyna4,0,,,,Aug wk 1 - 24
7/29/2024,1330,Merchants,P1,tonnes,GRADE 3,2.46,Ford2,3,,,,Aug wk 1 - 24
7/29/2024,1331,Merchants,P1,tonnes,GRADE 3,5.98,Dyna4,0,,,,Aug wk 1 - 24
7/30/2024,1332,Farmers,P1,tonnes,GRADE 1,1.43,Ford2,3,,,,Aug wk 1 - 24
7/30/2024,1333,Merchants,P1,tonnes,GRADE 2,4.78,Dyna4,0,,,,Aug wk 1 - 24
7/30/2024,1334,Merchants,P1,tonnes,GRADE 3,2.1,Ford2,3,,,,Aug wk 1 - 24
7/30/2024,1335,Farmers,P1,tonnes,GRADE 2,9.42,MB1,10,,,,Aug wk 1 - 24
7/30/2024,1336,Merchants,Firewood,tonnes,,1.43,3PL,0,,,,Aug wk 1 - 24
7/30/2024,1337,Merchants,P1,tonnes,GRADE 2,2.69,Ford2,3,,,,Aug wk 1 - 24
7/30/2024,1338,Merchants,P1,tonnes,GRADE 2,7.04,Dyna4,0,,,,Aug wk 1 - 24
7/31/2024,1339,Farmers,P1,tonnes,GRADE 2,2.89,Ford2,3,,,,Aug wk 1 - 24
7/31/2024,1340,Farmers,P1,tonnes,GRADE 3,4.64,Dyna4,0,,,,Aug wk 1 - 24
7/31/2024,1341,Farmers,P1,tonnes,GRADE 2,2.81,Ford2,3,,,,Aug wk 1 - 24
7/31/2024,1342,Merchants,P1,tonnes,GRADE 2,6.57,Dyna4,0,,,,Aug wk 1 - 24
7/31/2024,1343,Farmers,P1,tonnes,GRADE 2,2.45,Ford2,3,,,,Aug wk 1 - 24
8/1/2024,1344,Farmers,P1,tonnes,GRADE 1,7.02,MB1,10,,,,Aug wk 1 - 24
8/1/2024,1345,Farmers,P1,tonnes,GRADE 2,2.6,Ford2,3,,,,Aug wk 1 - 24
8/1/2024,1346,Farmers,P1,tonnes,GRADE 3,5.02,Dyna4,0,,,,Aug wk 1 - 24
8/1/2024,1347,Farmers,P1,tonnes,GRADE 3,2.17,Ford2,3,,,,Aug wk 1 - 24
8/1/2024,1348,Farmers,P1,tonnes,GRADE 2,6.7,Dyna4,0,,,,Aug wk 1 - 24
8/1/2024,1349,Farmers,P1,tonnes,GRADE 3,2,Ford2,3,,,,Aug wk 1 - 24
8/2/2024,1350,Farmers,P1,tonnes,GRADE 2,5.64,MB1,0,,,,Aug wk 1 - 24
8/2/2024,1351,Farmers,P1,tonnes,GRADE 2,6.39,Dyna4,0,,,,Aug wk 1 - 24
8/2/2024,1352,Merchants,Firewood,tonnes,,3.53,MB1,10,,,,Aug wk 1 - 24
8/2/2024,1353,Farmers,P1,tonnes,GRADE 2,2.62,Ford2,3,,,,Aug wk 1 - 24
8/2/2024,1354,Merchants,P1,tonnes,GRADE 3,4.95,Dyna4,0,,,,Aug wk 1 - 24
8/3/2024,1355,Merchants,P1,tonnes,GRADE 2,1.89,Ford2,3,,,,Aug wk 1 - 24
8/3/2024,1356,Farmers,P1,tonnes,GRADE 2,1.48,Ford2,3,,,,Aug wk 1 - 24
8/3/2024,1357,Farmers,P1,tonnes,GRADE 2,6.3,Dyna4,0,,,,Aug wk 1 - 24
8/3/2024,1358,Farmers,P1,tonnes,GRADE 2,10.9,MB1,10,,,,Aug wk 1 - 24
8/3/2024,1359,Farmers,P1,tonnes,GRADE 2,2.61,Dyna4,0,,,,Aug wk 1 - 24
8/3/2024,1361,Farmers,P1,tonnes,GRADE 3,6.08,Dyna3,6,,,,Aug wk 1 - 24
8/4/2024,1362,Farmers,Firewood,tonnes,,3.76,MB1,10,,,,Aug wk 1 - 24
8/5/2024,1364,Merchants,P1,tonnes,GRADE 1,2.92,Dyna4,0,,,,Aug wk 2 - 24
8/5/2024,1365,Merchants,P1,tonnes,GRADE 2,1.12,Ford2,3,,,,Aug wk 2 - 24
8/5/2024,1366,Farmers,P1,tonnes,GRADE 2,5.61,Dyna3,6,,,,Aug wk 2 - 24
8/5/2024,1367,Farmers,P1,tonnes,GRADE 3,3.44,Dyna4,0,,,,Aug wk 2 - 24
8/5/2024,1368,Farmers,P1,tonnes,GRADE 2,6.61,Dyna3,6,,,,Aug wk 2 - 24
8/5/2024,1369,Merchants,P1,tonnes,GRADE 3,2.41,Ford2,3,,,,Aug wk 2 - 24
8/6/2024,1370,Farmers,P1,tonnes,GRADE 2,4.16,Dyna4,0,,,,Aug wk 2 - 24
8/6/2024,1371,Farmers,P1,tonnes,GRADE 2,4.18,Dyna3,6,,,,Aug wk 2 - 24
8/6/2024,1372,Merchants,P1,tonnes,GRADE 2,5.86,Dyna4,0,,,,Aug wk 2 - 24
8/7/2024,1373,Farmers,P1,tonnes,GRADE 1,3.01,Dyna4,0,,,,Aug wk 2 - 24
8/7/2024,1374,Merchants,P1,tonnes,GRADE 3,5.06,Dyna4,0,,,,Aug wk 2 - 24
8/7/2024,1375,Farmers,P1,tonnes,GRADE 2,5.16,Dyna3,6,,,,Aug wk 2 - 24
8/8/2024,1376,Merchants,P1,tonnes,GRADE 2,6.69,Dyna4,0,,,,Aug wk 2 - 24
8/8/2024,1377,Merchants,P1,tonnes,GRADE 2,2.07,Ford2,3,,,,Aug wk 2 - 24
8/8/2024,1378,Merchants,P1,tonnes,GRADE 2,2.14,Ford2,3,,,,Aug wk 2 - 24
8/9/2024,1379,Farmers,P1,tonnes,GRADE 2,4,Dyna3,6,,,,Aug wk 2 - 24
8/9/2024,1380,Merchants,P1,tonnes,GRADE 2,1.75,Ford2,3,,,,Aug wk 2 - 24
8/10/2024,1381,Farmers,P1,tonnes,GRADE 2,6.21,Dyna3,6,,,,Aug wk 2 - 24
8/12/2024,1383,Merchants,P1,tonnes,GRADE 3,3.47,Dyna4,0,,,,Aug wk 3 - 24
8/12/2024,1384,Merchants,P1,tonnes,GRADE 2,2.35,Ford2,3,,,,Aug wk 3 - 24
8/12/2024,1385,Merchants,P1,tonnes,GRADE 2,4.97,Dyna4,0,,,,Aug wk 3 - 24
8/13/2024,1386,Farmers,P1,tonnes,GRADE 3,2.03,Dyna4,0,,,,Aug wk 3 - 24
8/13/2024,1387,Merchants,P1,tonnes,GRADE 2,2.68,Ford2,3,,,,Aug wk 3 - 24
8/13/2024,1388,Farmers,P1,tonnes,GRADE 2,10.16,MB1,10,,,,Aug wk 3 - 24
8/13/2024,1389,Farmers,P1,tonnes,GRADE 2,6.06,MB1,10,,,,Aug wk 3 - 24
8/14/2024,1390,Farmers,P1,tonnes,GRADE 2,2.73,Ford2,3,,,,Aug wk 3 - 24
8/14/2024,1391,Merchants,P1,tonnes,GRADE,5.53,Dyna4,0,,,,Aug wk 3 - 24
8/15/2024,1392,Farmers,P1,tonnes,GRADE 2,2.62,Ford2,3,,,,Aug wk 3 - 24
8/16/2024,1394,Farmers,P1,tonnes,GRADE 2,7.62,Dyna4,0,,,,Aug wk 3 - 24
8/19/2024,1395,Merchants,P1,tonnes,GRADE 2,11.12,MB1,10,,,,Aug wk 4 - 24
8/19/2024,1396,Merchants,Firewood,tonnes,,2.43,MB1,10,,,,Aug wk 4 - 24
8/20/2024,1397,Merchants,P1,tonnes,GRADE 2,1.92,Ford2,3,,,,Aug wk 4 - 24
8/20/2024,1398,Farmers,P1,tonnes,GRADE 2,7.31,MB1,10,,,,Aug wk 4 - 24
8/20/2024,1399,Merchants,P1,tonnes,GRADE 2,4.01,Dyna4,0,,,,Aug wk 4 - 24
8/20/2024,1400,Farmers,P1,tonnes,GRADE 2,2.22,Ford2,3,,,,Aug wk 4 - 24
8/21/2024,1401,Farmers,P1,tonnes,GRADE 2,5.56,Dyna4,0,,,,Aug wk 4 - 24
8/21/2024,1402,Farmers,P1,tonnes,GRADE 2,3.6,Dyna4,0,,,,Aug wk 4 - 24
8/21/2024,1403,Farmers,P1,tonnes,GRADE 2,2.96,Ford2,3,,,,Aug wk 4 - 24
8/21/2024,1404,Farmers,P1,tonnes,GRADE 2,4.77,Dyna4,0,,,,Aug wk 4 - 24
8/21/2024,1405,Farmers,P1,tonnes,GRADE 2,10.25,MB1,10,,,,Aug wk 4 - 24
8/22/2024,1406,Farmers,P1,tonnes,GRADE 3,2.49,Ford2,3,,,,Aug wk 4 - 24
8/22/2024,1407,Farmers,P1,tonnes,GRADE 2,7.97,MB1,10,,,,Aug wk 4 - 24
8/22/2024,1408,Farmers,P1,tonnes,GRADE 2,5.94,Dyna4,0,,,,Aug wk 4 - 24
8/23/2024,1409,Farmers,P1,tonnes,GRADE 2,1.5,Ford2,3,,,,Aug wk 4 - 24
8/23/2024,1410,Farmers,P1,tonnes,GRADE 2,2.62,Dyna4,0,,,,Aug wk 4 - 24
8/23/2024,1411,Farmers,P1,tonnes,GRADE 2,2.76,Ford2,3,,,,Aug wk 4 - 24
8/23/2024,1412,Farmers,P1,tonnes,GRADE 2,2.87,Ford2,3,,,,Aug wk 4 - 24
8/23/2024,1413,Farmers,P1,tonnes,GRADE 2,6.59,Dyna4,0,,,,Aug wk 4 - 24
8/26/2024,1414,Farmers,P1,tonnes,GRADE 2,5.37,Dyna4,0,,,,Aug wk 5 - 24
8/26/2024,1415,Farmers,P1,tonnes,GRADE 2,2.54,Ford2,3,,,,Aug wk 5 - 24
8/26/2024,1416,Farmers,P1,tonnes,GRADE 2,5.78,Dyna4,0,,,,Aug wk 5 - 24
8/27/2024,1417,Farmers,P1,tonnes,GRADE 2,5.91,Dyna4,0,,,,Aug wk 5 - 24
8/27/2024,1418,Farmers,P1,tonnes,GRADE 1,2.38,Ford2,3,,,,Aug wk 5 - 24
8/27/2024,1419,Farmers,P1,tonnes,GRADE 2,1.74,Ford2,3,,,,Aug wk 5 - 24
8/27/2024,1420,Farmers,P1,tonnes,GRADE 3,5.93,Dyna4,0,,,,Aug wk 5 - 24
8/28/2024,1421,Farmers,P1,tonnes,GRADE 2,3.19,Ford2,3,,,,Aug wk 5 - 24
8/28/2024,1422,Farmers,P1,tonnes,GRADE 2,7.92,MB1,10,,,,Aug wk 5 - 24
8/28/2024,1423,Merchants,P1,tonnes,GRADE 3,2.49,Ford2,3,,,,Aug wk 5 - 24
8/28/2024,1424,Merchants,Firewood,tonnes,,4.56,MB1,10,,,,Aug wk 5 - 24
8/28/2024,1425,Merchants,P1,tonnes,GRADE 3,6.46,Dyna4,0,,,,Aug wk 5 - 24
8/29/2024,1426,Merchants,P1,tonnes,GRADE 2,1.01,Ford2,3,,,,Aug wk 5 - 24
8/29/2024,1427,Farmers,P1,tonnes,GRADE 2,5.57,Dyna4,0,,,,Aug wk 5 - 24
8/29/2024,1428,Merchants,P1,tonnes,GRADE1,2.01,Ford2,3,,,,Aug wk 5 - 24
8/30/2024,1429,Farmers,P1,tonnes,GRADE 2,6.86,Dyna4,0,,,,Aug wk 5 - 24
8/30/2024,1430,Farmers,P1,tonnes,GRADE 2,4.32,Dyna4,0,,,,Aug wk 5 - 24
8/30/2024,1431,Merchants,P1,tonnes,GRADE 2,2.49,Ford2,3,,,,Aug wk 5 - 24
8/30/2024,1432,Farmers,P1,tonnes,GRADE 2,3.16,Ford2,3,,,,Aug wk 5 - 24
8/30/2024,1433,Farmers,P1,tonnes,GRADE 2,2.25,Ford2,3,,,,Aug wk 5 - 24
8/30/2024,1434,Merchants,P1,tonnes,GRADE 2,5.31,Dyna4,0,,,,Aug wk 5 - 24
8/31/2024,1435,Farmers,P1,tonnes,GRADE 2,1.71,Ford2,3,,,,Aug wk 5 - 24
8/31/2024,1436,Merchants,P1,tonnes,GRADE 2,1.97,Ford2,3,,,,Aug wk 5 - 24
9/2/2024,1438,Farmers,P1,tonnes,GRADE 2,2,Ford2,3,,,,Sep wk 1 - 24
9/2/2024,1439,Farmers,P1,tonnes,GRADE 2,3.71,Dyna4,0,,,,Sep wk 1 - 24
9/2/2024,1440,Merchants,P1,tonnes,GRADE 2,2.45,Ford2,3,,,,Sep wk 1 - 24
9/3/2024,1443,Farmers,P1,tonnes,GRADE 2,4.98,Dyna4,0,,,,Sep wk 1 - 24
9/3/2024,1444,Farmers,P1,tonnes,GRADE 2,1.76,Ford2,3,,,,Sep wk 1 - 24
9/3/2024,1446,Farmers,P1,tonnes,GRADE 2,3.37,Dyna4,0,,,,Sep wk 1 - 24
9/4/2024,1447,Merchants,P1,tonnes,GRADE 2,2.87,Ford2,3,,,,Sep wk 1 - 24
9/4/2024,1448,Farmers,Firewood,tonnes,,0.6,Ford2,3,,,,Sep wk 1 - 24
9/4/2024,1449,Farmers,P1,tonnes,GRADE 2,5.56,Dyna4,0,,,,Sep wk 1 - 24
9/5/2024,1450,Merchants,P1,tonnes,GRADE 2,2.89,Ford2,3,,,,Sep wk 1 - 24
9/5/2024,1451,Merchants,P1,tonnes,GRADE 2,6.66,Dyna4,0,,,,Sep wk 1 - 24
9/6/2024,1452,Farmers,P1,tonnes,GRADE 1,1.99,Ford2,3,,,,Sep wk 1 - 24
9/6/2024,1453,Farmers,P1,tonnes,GRADE 2,6.38,Dyna4,0,,,,Sep wk 1 - 24
9/6/2024,1454,Farmers,P1,tonnes,GRADE 2,2.88,Ford2,3,,,,Sep wk 1 - 24
9/6/2024,1455,Farmers,P1,tonnes,GRADE 2,3.28,Dyna4,0,,,,Sep wk 1 - 24
9/7/2024,1456,Merchants,P1,tonnes,GRADE 2,4.76,Dyna4,0,,,,Sep wk 1 - 24
9/7/2024,1457,Merchants,Firewood,tonnes,,5.25,MB1,10,,,,Sep wk 1 - 24
9/7/2024,1458,Farmers,P1,tonnes,GRADE 2,2.9,Ford2,3,,,,Sep wk 1 - 24
9/9/2024,1459,Merchants,P1,tonnes,GRADE 2,1.86,Ford2,3,,,,Sep wk 2 - 24
9/9/2024,1460,Farmers,P1,tonnes,GRADE 2,3.01,Ford2,3,,,,Sep wk 2 - 24
9/9/2024,1461,Farmers,P1,tonnes,GRADE 2,3.02,Ford2,3,,,,Sep wk 2 - 24
9/9/2024,1462,Merchants,P1,tonnes,GRADE 2,7.04,Dyna4,0,,,,Sep wk 2 - 24
9/10/2024,1463,Farmers,P1,tonnes,GRADE 2,2.62,Ford2,3,,,,Sep wk 2 - 24
9/10/2024,1464,Farmers,P1,tonnes,GRADE 2,9.05,MB1,10,,,,Sep wk 2 - 24
9/11/2024,1465,Merchants,P1,tonnes,GRADE 2,2.71,Ford2,3,,,,Sep wk 2 - 24
9/11/2024,1467,Farmers,P1,tonnes,GRADE 2,2.53,Ford2,3,,,,Sep wk 2 - 24
9/11/2024,1468,Farmers,P1,tonnes,GRADE 2,2.9,Ford2,3,,,,Sep wk 2 - 24
9/12/2024,1469,Farmers,P1,tonnes,GRADE 2,2.73,Ford2,3,,,,Sep wk 2 - 24
9/12/2024,1470,Merchants,P1,tonnes,GRADE 2,2.52,Ford2,3,,,,Sep wk 2 - 24
9/12/2024,1472,Farmers,P1,tonnes,GRADE 2,5.93,MB1,10,,,,Sep wk 2 - 24
9/13/2024,1473,Farmers,P1,tonnes,GRADE 2,4.83,Dyna4,0,,,,Sep wk 2 - 24
9/13/2024,1474,Farmers,P1,tonnes,GRADE 2,2.19,Ford2,3,,,,Sep wk 2 - 24
9/13/2024,1475,Farmers,P1,tonnes,GRADE 2,1.71,Ford2,3,,,,Sep wk 2 - 24
9/13/2024,1476,Merchants,P1,tonnes,GRADE 2,4.41,Dyna4,0,,,,Sep wk 2 - 24
9/14/2024,1477,Farmers,P1,tonnes,GRADE 2,1.4,Ford2,3,,,,Sep wk 2 - 24
9/14/2024,1478,Farmers,P1,tonnes,GRADE 2,4.54,MB1,10,,,,Sep wk 2 - 24
9/14/2024,1479,Farmers,P1,tonnes,GRADE 3,2.22,Ford2,3,,,,Sep wk 2 - 24
9/14/2024,1480,Farmers,P1,tonnes,GRADE 2,5.34,Dyna4,0,,,,Sep wk 2 - 24
9/14/2024,1481,Farmers,P1,tonnes,GRADE 2,5.98,Dyna4,0,,,,Sep wk 2 - 24
9/16/2024,1483,Merchants,P1,tonnes,GRADE 3,2.8,Ford2,3,,,,Sep wk 3 - 24
9/16/2024,1484,Farmers,P1,tonnes,GRADE 2,1.71,Ford2,3,,,,Sep wk 3 - 24
9/16/2024,1485,Farmers,P1,tonnes,GRADE 2,1.48,Ford2,3,,,,Sep wk 3 - 24
9/16/2024,1486,Merchants,P1,tonnes,GRADE 2,5.41,Dyna4,0,,,,Sep wk 3 - 24
9/16/2024,1487,Farmers,P1,tonnes,GRADE 2,2.15,Ford2,3,,,,Sep wk 3 - 24
9/16/2024,1488,Farmers,P1,tonnes,GRADE 2,8.42,MB1,10,,,,Sep wk 3 - 24
9/17/2024,1489,Merchants,P1,tonnes,GRADE 2,1.98,Ford2,3,,,,Sep wk 3 - 24
9/17/2024,1490,Farmers,P1,tonnes,GRADE 2,9.16,MB1,10,,,,Sep wk 3 - 24
9/17/2024,1491,Farmers,P1,tonnes,GRADE 2,5.05,Dyna4,0,,,,Sep wk 3 - 24
9/17/2024,1492,Farmers,P1,tonnes,GRADE 2,2.28,Ford2,3,,,,Sep wk 3 - 24
9/18/2024,1493,Merchants,P1,tonnes,GRADE 2,2.53,Ford2,3,,,,Sep wk 3 - 24
9/18/2024,1494,Farmers,P1,tonnes,GRADE 2,10.22,MB1,10,,,,Sep wk 3 - 24
9/18/2024,1495,Farmers,P1,tonnes,GRADE 2,2.91,Ford2,3,,,,Sep wk 3 - 24
9/18/2024,1496,Merchants,P1,tonnes,GRADE 2,5.17,Dyna4,0,,,,Sep wk 3 - 24
9/19/2024,1497,Farmers,P1,tonnes,GRADE 2,2.6,Ford2,3,,,,Sep wk 3 - 24
9/19/2024,1498,Merchants,P1,tonnes,GRADE 2,4.28,Dyna4,0,,,,Sep wk 3 - 24
9/19/2024,1499,Merchants,P1,tonnes,GRADE 2,7.92,MB1,10,,,,Sep wk 3 - 24
9/19/2024,1500,Farmers,P1,tonnes,GRADE 2,3.08,Ford2,3,,,,Sep wk 3 - 24
9/20/2024,1501,Farmers,P1,tonnes,GRADE 2,1.8,Dyna4,0,,,,Sep wk 3 - 24
9/20/2024,1502,Farmers,P1,tonnes,GRADE 2,2.15,Ford2,3,,,,Sep wk 3 - 24
9/20/2024,1503,Farmers,P1,tonnes,GRADE 2,1.41,Ford2,3,,,,Sep wk 3 - 24
9/20/2024,1504,Merchants,P1,tonnes,GRADE 2,6.33,Dyna4,0,,,,Sep wk 3 - 24
9/20/2024,1505,Merchants,P1,tonnes,GRADE 2,2.75,Ford2,3,,,,Sep wk 3 - 24
9/20/2024,1506,Merchants,Firewood,tonnes,,1.54,3PL,0,,,,Sep wk 3 - 24
9/21/2024,1507,Merchants,P1,tonnes,GRADE 2,6.14,Dyna4,0,,,,Sep wk 3 - 24
9/21/2024,1508,Farmers,P1,tonnes,GRADE 2,2.2,Ford2,3,,,,Sep wk 3 - 24
9/21/2024,1509,Farmers,P1,tonnes,GRADE 2,5.84,Dyna4,0,,,,Sep wk 3 - 24
9/21/2024,1510,Farmers,P1,tonnes,GRADE 2,2.6,Ford2,3,,,,Sep wk 3 - 24
9/21/2024,1511,Farmers,P1,tonnes,GRADE 2,5.06,Dyna4,0,,,,Sep wk 3 - 24
9/23/2024,1513,Merchants,P1,tonnes,GRADE 2,6.2,Dyna4,0,,,,Sep wk 4 - 24
9/24/2024,1514,Farmers,P1,tonnes,GRADE 2,6.51,MB1,10,,,,Sep wk 4 - 24
9/24/2024,1515,Farmers,P1,tonnes,GRADE 2,0.16,3PL,0,,,,Sep wk 4 - 24
9/24/2024,1516,Farmers,P1,tonnes,GRADE 1,5.07,Dyna4,0,,,,Sep wk 4 - 24
9/24/2024,1517,Farmers,P1,tonnes,GRADE 2,4.45,MB1,10,,,,Sep wk 4 - 24
9/25/2024,1518,Merchants,P1,tonnes,GRADE 2,2.54,Dyna4,0,,,,Sep wk 4 - 24
9/25/2024,1519,Farmers,P1,tonnes,GRADE 2,5.02,Dyna4,0,,,,Sep wk 4 - 24
9/25/2024,1520,Farmers,P1,tonnes,GRADE 2,8.84,MB1,10,,,,Sep wk 4 - 24
9/26/2024,1521,Farmers,P1,tonnes,GRADE 2,3.97,Dyna4,0,,,,Sep wk 4 - 24
9/28/2024,1522,Farmers,P1,tonnes,GRADE 2,10.5,MB1,10,,,,Sep wk 4 - 24
9/28/2024,1523,Farmers,P1,tonnes,GRADE 2,11.27,MB2,15,,,,Sep wk 4 - 24
9/28/2024,1524,Farmers,P1,tonnes,GRADE 2,2.36,Ford2,3,,,,Sep wk 4 - 24
9/28/2024,1525,Farmers,P1,tonnes,GRADE 2,5.33,MB1,10,,,,Sep wk 4 - 24
9/28/2024,1526,Merchants,P1,tonnes,GRADE 3,4.36,Dyna4,0,,,,Sep wk 4 - 24
9/28/2024,1527,Farmers,P1,tonnes,GRADE 2,2.64,Ford2,3,,,,Sep wk 4 - 24
9/29/2024,1528,Farmers,P1,tonnes,GRADE 2,2.3,Ford2,3,,,,Sep wk 4 - 24
9/29/2024,1529,Farmers,P1,tonnes,GRADE 1,9.25,MB1,10,,,,Sep wk 4 - 24
9/29/2024,1531,Farmers,P1,tonnes,GRADE 2,1.63,Ford2,3,,,,Sep wk 4 - 24
9/30/2024,1532,Merchants,P1,tonnes,GRADE 2,2.89,Ford2,3,,,,Oct wk 1 - 24
9/30/2024,1533,Farmers,P1,tonnes,GRADE 2,7.38,Dyna4,0,,,,Oct wk 1 - 24
9/30/2024,1534,Merchants,P1,tonnes,GRADE 2,2.76,Ford2,0,,,,Oct wk 1 - 24
10/2/2024,1535,Farmers,P1,tonnes,GRADE 2,7.28,Dyna4,0,,,,Oct wk 1 - 24
10/2/2024,1536,Farmers,P1,tonnes,GRADE 2,9,MB1,10,,,,Oct wk 1 - 24
10/2/2024,1537,Farmers,P1,tonnes,GRADE 2,6.25,Dyna4,0,,,,Oct wk 1 - 24
10/2/2024,1538,Farmers,P1,tonnes,GRADE 2,4.48,Ford2,3,,,,Oct wk 1 - 24
10/3/2024,1539,Merchants,Firewood,tonnes,,5,MB1,10,,,,Oct wk 1 - 24
10/3/2024,1540,Farmers,P1,tonnes,GRADE 2,6.45,MB1,10,,,,Oct wk 1 - 24
10/3/2024,1541,Farmers,P1,tonnes,GRADE 2,2.44,Ford2,3,,,,Oct wk 1 - 24
10/4/2024,1542,Farmers,P1,tonnes,GRADE 3,1.79,Ford2,3,,,,Oct wk 1 - 24
10/4/2024,1543,Farmers,P1,tonnes,GRADE 2,1.51,Ford2,3,,,,Oct wk 1 - 24
10/4/2024,1544,Farmers,P1,tonnes,GRADE 2,9.74,MB1,10,,,,Oct wk 1 - 24
10/4/2024,1545,Farmers,P1,tonnes,GRADE 3,2.3,Ford2,3,,,,Oct wk 1 - 24
10/5/2024,1546,Merchants,P1,tonnes,GRADE 2,4.07,MB1,10,,,,Oct wk 1 - 24
10/7/2024,1547,Farmers,P1,tonnes,GRADE 3,7.86,MB1,10,,,,Oct wk 2 - 24
10/8/2024,1548,Farmers,P1,tonnes,GRADE 2,6.95,MB1,10,,,,Oct wk 2 - 24
10/8/2024,1549,Merchants,P1,tonnes,GRADE 3,3.73,Dyna4,0,,,,Oct wk 2 - 24
10/9/2024,1550,Farmers,P1,tonnes,GRADE 3,2.15,Ford2,3,,,,Oct wk 2 - 24
10/9/2024,1551,Merchants,P1,tonnes,GRADE 3,6.34,Dyna4,0,,,,Oct wk 2 - 24
10/10/2024,1552,Farmers,P1,tonnes,GRADE 2,1.7,Ford2,3,,,,Oct wk 2 - 24
10/11/2024,1553,Farmers,P1,tonnes,GRADE 2,2.83,Ford2,3,,,,Oct wk 2 - 24
10/11/2024,1554,Farmers,P1,tonnes,GRADE 2,6.96,MB1,0,,,,Oct wk 2 - 24
10/12/2024,1555,Farmers,P1,tonnes,GRADE 2,2.74,Ford2,0,,,,Oct wk 2 - 24
10/14/2024,1556,Farmers,P1,tonnes,GRADE 2,7.51,Dyna4,0,,,,Oct wk 3 - 24
10/14/2024,1557,Farmers,P1,tonnes,GRADE 2,7.22,Dyna4,0,,,,Oct wk 3 - 24
10/16/2024,1558,Farmers,P1,tonnes,GRADE 2,2.05,Ford2,0,,,,Oct wk 3 - 24
10/16/2024,1559,Farmers,P1,tonnes,GRADE 2,1.31,Ford2,0,,,,Oct wk 3 - 24
10/16/2024,1560,Farmers,P1,tonnes,GRADE 2,4.23,Dyna4,0,,,,Oct wk 3 - 24
10/17/2024,1561,Farmers,P1,tonnes,GRADE 2,10.22,MB1,0,,,,Oct wk 3 - 24
10/17/2024,1563,Farmers,P1,tonnes,GRADE 2,2.56,Ford2,0,,,,Oct wk 3 - 24
10/18/2024,1562,Farmers,P1,tonnes,GRADE 2,8.63,MB1,0,,,,Oct wk 3 - 24
10/18/2024,1565,Farmers,P1,tonnes,GRADE 2,6.45,Dyna4,0,,,,Oct wk 3 - 24
10/18/2024,1566,Farmers,P1,tonnes,GRADE 2,1.71,Ford2,0,,,,Oct wk 3 - 24
10/18/2024,1567,Farmers,P1,tonnes,GRADE 2,6.51,Dyna4,0,,,,Oct wk 3 - 24
10/18/2024,,Farmers,P1,tonnes,GRADE 2,2.67,Ford2,0,,,,Oct wk 3 - 24
10/18/2024,1568,Farmers,P1,tonnes,GRADE 2,3.78,Dyna4,0,,,,Oct wk 3 - 24
10/18/2024,1569,Merchants,P1,tonnes,GRADE 2,9.06,MB1,0,,,,Oct wk 3 - 24
10/19/2024,1570,Merchants,P1,tonnes,GRADE 2,3.52,Dyna4,0,,,,Oct wk 3 - 24
10/19/2024,1571,Merchants,P1,tonnes,GRADE 2,6.71,Dyna4,0,,,,Oct wk 3 - 24
10/19/2024,1572,Merchants,P1,tonnes,GRADE 2,2.95,Ford2,0,,,,Oct wk 3 - 24
10/19/2024,1573,Farmers,P1,tonnes,GRADE 2,2.63,Ford2,0,,,,Oct wk 3 - 24
10/19/2024,1574,Farmers,P1,tonnes,GRADE 2,3.78,Dyna4,0,,,,Oct wk 3 - 24
10/21/2024,1575,Merchants,P1,tonnes,GRADE 2,7.29,MB1,0,,,,Oct wk 4 - 24
10/21/2024,1577,Farmers,P1,tonnes,GRADE 2,4.89,Dyna4,0,,,,Oct wk 4 - 24
10/22/2024,1578,Merchants,P1,tonnes,GRADE 2,2.93,Ford2,0,,,,Oct wk 4 - 24
10/22/2024,1579,Merchants,P1,tonnes,GRADE 2,10.21,MB1,0,,,,Oct wk 4 - 24
10/23/2024,1580,Merchants,Firewood,tonnes,,4.29,MB1,0,,,,Oct wk 4 - 24
10/27/2024,1582,Farmers,P1,tonnes,GRADE 2,6.76,Dyna4,0,,,,Oct wk 4 - 24
10/27/2024,1583,Farmers,P1,tonnes,GRADE 2,9.83,MB1,0,,,,Oct wk 4 - 24
10/28/2024,1585,Merchants,P1,tonnes,GRADE 3,3,Ford2,0,,,,Oct wk 5 - 24
10/28/2024,1586,Farmers,P1,tonnes,GRADE 3,5.45,Dyna4,0,,,,Oct wk 5 - 24
10/28/2024,1587,Farmers,P1,tonnes,GRADE 2,6.57,MB1,0,,,,Oct wk 5 - 24
10/30/2024,1588,Farmers,P1,tonnes,GRADE 2,1.8,Dyna4,0,,,,Oct wk 5 - 24
10/30/2024,1589,Merchants,P1,tonnes,GRADE 2,6.64,MB1,0,,,,Oct wk 5 - 24
10/30/2024,1590,Farmers,P1,tonnes,GRADE 2,2.7,Dyna4,0,,,,Oct wk 5 - 24
10/31/2024,1591,Merchants,P1,tonnes,GRADE 2,3.26,Dyna4,0,,,,Oct wk 5 - 24
10/31/2024,1592,Farmers,P1,tonnes,GRADE 2,5.84,Dyna4,0,,,,Oct wk 5 - 24
11/1/2024,1593,Farmers,P1,tonnes,GRADE 2,5.74,Dyna4,0,,,,Oct wk 5 - 24
11/5/2024,1594,Farmers,P1,tonnes,GRADE 2,1.73,Dyna4,0,,,,Nov wk 1 - 24
11/6/2024,1595,Farmers,P1,tonnes,GRADE 2,3.7,Dyna4,0,,,,Nov wk 1 - 24
11/6/2024,1596,Farmers,P1,tonnes,GRADE 2,5.33,Dyna4,0,,,,Nov wk 1 - 24
11/6/2024,1597,Merchants,Firewood,tonnes,,2.79,MB1,0,,,,Nov wk 1 - 24
11/6/2024,1598,Farmers,P1,tonnes,GRADE 2,1.65,Ford2,0,,,,Nov wk 1 - 24
11/6/2024,1599,Farmers,P1,tonnes,GRADE 2,2.87,Dyna4,0,,,,Nov wk 1 - 24
11/6/2024,1600,Merchants,P1,tonnes,GRADE 2,7.66,MB1,0,,,,Nov wk 1 - 24
11/7/2024,1601,Farmers,P1,tonnes,GRADE 3,2.55,Ford2,0,,,,Nov wk 1 - 24
11/7/2024,1602,Farmers,P1,tonnes,GRADE 2,2.22,Dyna4,0,,,,Nov wk 1 - 24
11/7/2024,1603,Farmers,P1,tonnes,GRADE 2,2.99,Ford2,0,,,,Nov wk 1 - 24
11/8/2024,1604,Farmers,P1,tonnes,GRADE 2,4.91,Dyna4,0,,,,Nov wk 1 - 24
11/9/2024,1605,Farmers,P1,tonnes,GRADE 2,4.69,Dyna4,0,,,,Nov wk 1 - 24
11/11/2024,1606,Farmers,P1,tonnes,GRADE 2,3.3,Ford2,0,,,,Nov wk 2 - 24
11/11/2024,1607,Merchants,P1,tonnes,GRADE 2,2.19,Dyna4,0,,,,Nov wk 2 - 24
11/11/2024,1608,Farmers,P1,tonnes,GRADE 2,9.89,MB1,0,,,,Nov wk 2 - 24
11/11/2024,1609,Farmers,P1,tonnes,GRADE 2,2.38,Ford2,0,,,,Nov wk 2 - 24
11/11/2024,1610,Farmers,P1,tonnes,GRADE 2,1.55,Ford2,0,,,,Nov wk 2 - 24
11/12/2024,1611,Farmers,P1,tonnes,GRADE 2,7.22,MB1,0,,,,Nov wk 2 - 24
11/12/2024,1613,Farmers,P1,tonnes,GRADE 2,2.01,Ford2,0,,,,Nov wk 2 - 24
11/12/2024,1615,Farmers,P1,tonnes,GRADE 3,1.15,Ford2,0,,,,Nov wk 2 - 24
11/12/2024,1614,Farmers,P1,tonnes,GRADE 2,3.74,Dyna4,0,,,,Nov wk 2 - 24
11/12/2024,1616,Farmers,P1,tonnes,GRADE 2,2.94,Dyna4,0,,,,Nov wk 2 - 24
11/13/2024,1617,Merchants,P1,tonnes,GRADE 2,1.11,Ford2,0,,,,Nov wk 2 - 24
11/13/2024,1618,Farmers,P1,tonnes,GRADE 2,4.16,Dyna4,0,,,,Nov wk 2 - 24
11/13/2024,1619,Merchants,P1,tonnes,GRADE 2,9.26,MB1,0,,,,Nov wk 2 - 24
11/13/2024,1620,Merchants,P1,tonnes,GRADE 2,2,Ford2,0,,,,Nov wk 2 - 24
11/14/2024,1621,Merchants,Firewood,tonnes,,5.53,MB1,0,,,,Nov wk 2 - 24
11/14/2024,1622,Farmers,P1,tonnes,GRADE 2,5.31,Dyna4,0,,,,Nov wk 2 - 24
11/14/2024,1623,Merchants,P1,tonnes,GRADE 2,9.37,MB1,0,,,,Nov wk 2 - 24
11/15/2024,1624,Farmers,P1,tonnes,GRADE 2,5.97,Dyna4,0,,,,Nov wk 2 - 24
11/15/2024,1625,Farmers,P1,tonnes,GRADE 2,1.45,Ford2,0,,,,Nov wk 2 - 24
11/15/2024,1626,Merchants,scrab,tonnes,,1.38,MB1,0,,,,Nov wk 2 - 24
11/16/2024,1627,Farmers,P1,tonnes,GRADE 2,2.65,Ford2,0,,,,Nov wk 2 - 24
11/16/2024,1628,Farmers,P1,tonnes,GRADE 2,1.66,Ford2,0,,,,Nov wk 2 - 24
11/16/2024,1629,Farmers,P1,tonnes,GRADE 2,8.22,MB1,0,,,,Nov wk 2 - 24
11/18/2024,1630,Merchants,P1,tonnes,GRADE 1,2.09,Ford2,0,,,,Nov wk 3 - 24
11/18/2024,1631,Merchants,P1,tonnes,GRADE 2,4.36,Dyna4,0,,,,Nov wk 3 - 24
11/18/2024,1632,Merchants,P1,tonnes,GRADE 2,1.78,Ford2,0,,,,Nov wk 3 - 24
11/19/2024,1633,Farmers,P1,tonnes,GRADE 2,3.03,Dyna4,0,,,,Nov wk 3 - 24
11/19/2024,1634,Farmers,P1,tonnes,GRADE 2,2.29,Dyna4,0,,,,Nov wk 3 - 24
11/20/2024,1636,Merchants,P1,tonnes,GRADE 2,5.43,Dyna4,0,,,,Nov wk 3 - 24
11/21/2024,1637,Merchants,P1,tonnes,GRADE 2,2.24,Ford2,0,,,,Nov wk 3 - 24
11/21/2024,1638,Farmers,P1,tonnes,GRADE 2,4.49,Dyna4,0,,,,Nov wk 3 - 24
11/21/2024,1639,Merchants,P1,tonnes,GRADE 2,2.39,Ford2,0,,,,Nov wk 3 - 24
11/21/2024,1640,Farmers,P1,tonnes,GRADE 2,2.61,Ford2,0,,,,Nov wk 3 - 24
11/21/2024,1641,Farmers,P1,tonnes,GRADE 2,9.43,MB1,0,,,,Nov wk 3 - 24
11/21/2024,1642,Farmers,P1,tonnes,GRADE 2,1.58,Ford2,0,,,,Nov wk 3 - 24
11/21/2024,1643,Merchants,P1,tonnes,GRADE 2,6.05,Dyna4,0,,,,Nov wk 3 - 24
11/22/2024,1644,Farmers,P1,tonnes,GRADE 2,1.45,Ford2,0,,,,Nov wk 3 - 24
11/22/2024,1645,Farmers,P1,tonnes,GRADE 2,4.63,Dyna4,0,,,,Nov wk 3 - 24
11/22/2024,1646,Farmers,P1,tonnes,GRADE 2,8.16,MB1,0,,,,Nov wk 3 - 24
11/22/2024,1647,Merchants,P1,tonnes,GRADE 2,3.42,Dyna4,0,,,,Nov wk 3 - 24
11/22/2024,1648,Farmers,P1,tonnes,GRADE 2,2.07,Dyna4,0,,,,Nov wk 3 - 24
11/23/2024,1649,Farmers,P1,tonnes,GRADE 2,5.94,Dyna4,0,,,,Nov wk 3 - 24
11/23/2024,1650,Farmers,P1,tonnes,GRADE 2,4.97,Dyna4,0,,,,Nov wk 3 - 24
11/23/2024,1651,Farmers,P1,tonnes,GRADE 2,5.78,MB1,0,,,,Nov wk 3 - 24
11/26/2024,1655,Merchants,P1,tonnes,GRADE 2,1.6,Ford2,0,,,,Nov wk 4 - 24
11/26/2024,1656,Farmers,P1,tonnes,GRADE 2,4.23,Dyna4,0,,,,Nov wk 4 - 24
11/27/2024,1657,Merchants,P1,tonnes,GRADE 2,5.68,Dyna4,0,,,,Nov wk 4 - 24
11/27/2024,1660,Merchants,P1,tonnes,GRADE 2,5.86,MB1,0,,,,Nov wk 4 - 24
11/27/2024,1658,Farmers,P1,tonnes,GRADE 1,15.26,SP-3PL,0,,,,Nov wk 4 - 24
11/27/2024,1659,Merchants,P1,tonnes,GRADE 2,5.09,Dyna4,0,,,,Nov wk 4 - 24
11/28/2024,1661,Farmers,P1,tonnes,GRADE 2,2.3,Ford2,0,,,,Nov wk 4 - 24
11/28/2024,1662,Merchants,P1,tonnes,GRADE 2,5.46,Dyna4,0,,,,Nov wk 4 - 24
11/29/2024,1663,Farmers,P1,tonnes,GRADE 2,2.74,Ford2,0,,,,Nov wk 4 - 24
11/30/2024,1664,Farmers,P1,tonnes,GRADE 2,5.2,Dyna4,0,,,,Nov wk 4 - 24
12/1/2024,1666,Merchants,P1,tonnes,GRADE 2,3.93,Dyna4,0,,,,Nov wk 4 - 24
12/1/2024,1667,Farmers,P1,tonnes,GRADE 2,13.37,SP-3PL,0,,,,Nov wk 4 - 24
12/2/2024,1668,Farmers,P1,tonnes,GRADE 2,4.76,Dyna4,0,,,,Dec wk 1 - 24
12/2/2024,1669,Farmers,P1,tonnes,GRADE 2,2.19,Ford2,0,,,,Dec wk 1 - 24
12/3/2024,1670,Farmers,P1,tonnes,GRADE 2,2.69,Ford2,0,,,,Dec wk 1 - 24
12/3/2024,1671,Farmers,P1,tonnes,GRADE 2,2.16,Ford2,0,,,,Dec wk 1 - 24
12/3/2024,1672,Farmers,P1,tonnes,GRADE 2,0.23,Ford2,0,,,,Dec wk 1 - 24
12/3/2024,1673,Farmers,P1,tonnes,GRADE 2,0.92,Ford2,0,,,,Dec wk 1 - 24
12/4/2024,1674,Farmers,P1,tonnes,GRADE 2,5.76,Dyna4,0,,,,Dec wk 1 - 24
12/4/2024,1675,Farmers,P1,tonnes,GRADE 3,2.06,Ford2,0,,,,Dec wk 1 - 24
12/4/2024,1676,Farmers,P1,tonnes,GRADE 3,1.45,Ford2,0,,,,Dec wk 1 - 24
12/5/2024,1677,Farmers,P1,tonnes,GRADE 2,4.57,Dyna4,0,,,,Dec wk 1 - 24
12/6/2024,1679,Farmers,P1,tonnes,GRADE 2,4.15,Dyna4,0,,,,Dec wk 1 - 24
12/10/2024,1685,Merchants,P1,tonnes,GRADE 2,4.43,Dyna4,0,,,,Dec wk 2 - 24
12/11/2024,1686,Farmers,P1,tonnes,GRADE 2,6.36,Dyna4,0,,,,Dec wk 2 - 24
12/12/2024,1689,Farmers,P1,tonnes,GRADE 2,2.66,MB2,0,,,,Dec wk 2 - 24
12/13/2024,1690,Farmers,P1,tonnes,GRADE 2,4.82,Dyna4,0,,,,Dec wk 2 - 24
12/16/2024,1692,Farmers,P1,tonnes,GRADE 2,1.42,Ford2,0,,,,Dec wk 3 - 24
12/16/2024,1693,Farmers,P1,tonnes,GRADE 2,0.31,Ford2,0,,,,Dec wk 3 - 24
12/16/2024,1694,Farmers,P1,tonnes,GRADE 2,1.86,Ford2,0,,,,Dec wk 3 - 24
12/16/2024,1695,Farmers,P1,tonnes,GRADE,1.62,Ford2,0,,,,Dec wk 3 - 24
12/16/2024,1697,Farmers,P1,tonnes,GRADE 2,2.56,MB2,0,,,,Dec wk 3 - 24
12/16/2024,1696,Farmers,P1,tonnes,GRADE 1,5.5,Dyna4,0,,,,Dec wk 3 - 24
12/17/2024,1698,Farmers,P1,tonnes,GRADE 1,2.14,Ford2,0,,,,Dec wk 3 - 24
12/17/2024,1699,Farmers,P1,tonnes,GRADE 1,1.45,Ford2,0,,,,Dec wk 3 - 24
12/18/2024,1701,Farmers,P1,tonnes,GRADE 1,0.84,Ford1,0,,,,Dec wk 3 - 24
12/19/2024,1704,Farmers,P1,tonnes,GRADE 1,5.74,Dyna4,0,,,,Dec wk 3 - 24
1/14/2025,1708,Farmers,P1,tonnes,GRADE 1,2.31,Dyna4,0,,,,Jan wk 3 - 25
1/15/2025,1709,Farmers,P1,tonnes,GRADE 1,2.03,Ford2,0,,,,Jan wk 3 - 25
1/17/2025,1710,Farmers,P1,tonnes,GRADE 2,4.59,Dyna4,0,,,,Jan wk 3 - 25
1/17/2025,1711,Farmers,P1,tonnes,GRADE 1,4.07,Dyna4,0,,,,Jan wk 3 - 25
1/18/2025,1714,Farmers,P1,tonnes,GRADE 1,2.34,Dyna4,0,,,,Jan wk 3 - 25
1/20/2025,1715,Farmers,P1,tonnes,GRADE 1,6.06,Dyna4,0,,,,Jan wk 4 - 25
1/21/2025,1716,Farmers,P1,tonnes,GRADE 2,1.49,Ford2,0,,,,Jan wk 4 - 25
1/22/2025,1717,Farmers,P1,tonnes,GRADE 2,3.42,Dyna4,0,,,,Jan wk 4 - 25
1/23/2025,1720,Farmers,P1,tonnes,GRADE 1,2.38,MB3,0,,,,Jan wk 4 - 25
1/24/2025,1722,Farmers,P1,tonnes,GRADE 2,3.93,Dyna4,0,,,,Jan wk 4 - 25
1/24/2025,1723,Farmers,P1,tonnes,GRADE 2,1.82,Ford2,0,,,,Jan wk 4 - 25
1/25/2025,1725,Farmers,P1,tonnes,GRADE 3,0.97,Ford2,0,,,,Jan wk 4 - 25
1/28/2025,1727,Farmers,P1,tonnes,GRADE 2,2.59,Ford2,0,,,,Jan wk 5 - 25
1/28/2025,1730,Farmers,P1,tonnes,GRADE 2,4.74,Dyna3,0,,,,Jan wk 5 - 25
1/29/2025,1731,Farmers,P1,tonnes,GRADE 2,2.84,MB3,0,,,,Jan wk 5 - 25
2/3/2025,1734,Farmers,P1,tonnes,GRADE 2,5.49,Dyna3,0,,,,Feb wk 1 - 25
2/3/2025,1735,Farmers,P1,tonnes,GRADE 2,3.93,MB3,0,,,,Feb wk 1 - 25
2/3/2025,1736,Merchants,P1,tonnes,GRADE 2,4.55,Dyna3,0,,,,Feb wk 1 - 25
2/4/2025,1738,Farmers,P1,tonnes,GRADE 3,3.07,MB3,0,,,,Feb wk 1 - 25
2/4/2025,1739,Farmers,P1,tonnes,GRADE 3,2.58,Ford2,0,,,,Feb wk 1 - 25
2/4/2025,1740,Farmers,P1,tonnes,GRADE 3,2.98,MB3,0,,,,Feb wk 1 - 25
2/4/2025,1741,Farmers,P1,tonnes,GRADE 3,1.39,Ford2,0,,,,Feb wk 1 - 25
2/4/2025,1742,Merchants,P1,tonnes,GRADE 3,4.8,Dyna3,0,,,,Feb wk 1 - 25
2/4/2025,1743,Merchants,P1,tonnes,GRADE 3,4.15,MB3,0,,,,Feb wk 1 - 25
2/5/2025,1744,Farmers,P1,tonnes,GRADE 2,1.96,Ford2,0,,,,Feb wk 1 - 25
2/5/2025,1745,Farmers,P1,tonnes,GRADE 3,4.48,Dyna3,0,,,,Feb wk 1 - 25
2/5/2025,1746,Farmers,P1,tonnes,GRADE 2,4.42,MB3,0,,,,Feb wk 1 - 25
2/5/2025,1749,Merchants,P1,tonnes,GRADE 2,1.99,Ford2,0,,,,Feb wk 1 - 25
2/5/2025,1748,Farmers,P1,tonnes,GRADE 2,5.27,Dyna3,0,,,,Feb wk 1 - 25
2/5/2025,1750,Farmers,P1,tonnes,GRADE 3,2.52,Ford2,0,,,,Feb wk 1 - 25
2/6/2025,1751,Merchants,P1,tonnes,GRADE 3,2.71,Ford2,0,,,,Feb wk 1 - 25
2/6/2025,1752,Merchants,P1,tonnes,GRADE 3,2.66,MB3,0,,,,Feb wk 1 - 25
2/6/2025,1753,Merchants,P1,tonnes,GRADE 2,2.38,Ford2,0,,,,Feb wk 1 - 25
2/6/2025,1754,Merchants,P1,tonnes,GRADE 2,5.15,Dyna3,0,,,,Feb wk 1 - 25
2/6/2025,1755,Merchants,P1,tonnes,GRADE 2,4.09,MB3,0,,,,Feb wk 1 - 25
2/7/2025,1756,Farmers,P1,tonnes,GRADE 1,1.93,Ford2,0,,,,Feb wk 1 - 25
2/7/2025,1758,Merchants,P1,tonnes,GRADE 1,3.57,MB3,0,,,,Feb wk 1 - 25
2/8/2025,1760,Farmers,P1,tonnes,GRADE 1,2.32,Ford2,0,,,,Feb wk 1 - 25
2/8/2025,1761,Farmers,P1,tonnes,GRADE 3,2.8,Ford2,0,,,,Feb wk 1 - 25
2/10/2025,1763,Farmers,P1,tonnes,GRADE 1,1.91,MB3,0,,,,Feb wk 2 - 25
2/10/2025,1764,Farmers,P1,tonnes,GRADE 1,2.23,Dyna3,0,,,,Feb wk 2 - 25
2/10/2025,1765,Merchants,P1,tonnes,GRADE 1,3.82,MB3,0,,,,Feb wk 2 - 25
2/11/2025,1766,Farmers,P1,tonnes,GRADE 2,1.58,Ford2,0,,,,Feb wk 2 - 25
2/12/2025,1767,Farmers,P1,tonnes,GRADE 2,2.88,Ford2,0,,,,Feb wk 2 - 25
2/13/2025,1768,Farmers,P1,tonnes,GRADE 2,2.58,MB3,0,,,,Feb wk 2 - 25
2/14/2025,1769,Merchants,P1,tonnes,GRADE 3,1.81,Ford2,0,,,,Feb wk 2 - 25
2/14/2025,1770,Merchants,P1,tonnes,GRADE 3,3.8,MB3,0,,,,Feb wk 2 - 25
2/17/2025,1778,Merchants,P1,tonnes,GRADE 2,4.23,MB3,0,,,,Feb wk 3 - 25
2/19/2025,1785,Farmers,P1,tonnes,GRADE 3,2.43,Ford2,0,,,,Feb wk 3 - 25
2/20/2025,1788,Merchants,P1,tonnes,GRADE 3,4.24,MB3,0,,,,Feb wk 3 - 25
2/20/2025,1789,Merchants,P1,tonnes,GRADE 3,2.59,Ford2,0,,,,Feb wk 3 - 25
2/21/2025,1790,Farmers,P1,tonnes,GRADE 2,2.11,Ford2,0,,,,Feb wk 3 - 25
2/21/2025,1792,Farmers,P1,tonnes,GRADE 2,1.6,Ford2,0,,,,Feb wk 3 - 25
2/21/2025,1793,Merchants,P1,tonnes,GRADE 3,4.4,MB3,0,,,,Feb wk 3 - 25
2/21/2025,1794,Merchants,P1,tonnes,GRADE 2,1.63,Ford2,0,,,,Feb wk 3 - 25
2/22/2025,1795,Farmers,P1,tonnes,GRADE 2,3.57,MB3,0,,,,Feb wk 3 - 25
2/22/2025,1796,Farmers,P1,tonnes,GRADE 3,3.5,MB3,0,,,,Feb wk 3 - 25
2/22/2025,1797,Merchants,P1,tonnes,GRADE 3,4.25,Dyna3,0,,,,Feb wk 3 - 25
2/24/2025,1798,Farmers,P1,tonnes,GRADE 2,2.32,MB3,0,,,,Feb wk 4 - 25
2/24/2025,1799,Farmers,P1,tonnes,GRADE 2,1.66,Ford2,0,,,,Feb wk 4 - 25
2/25/2025,1800,Farmers,P1,tonnes,GRADE 3,2.72,MB3,0,,,,Feb wk 4 - 25
2/25/2025,1801,Farmers,P1,tonnes,GRADE 1,2.63,Ford2,0,,,,Feb wk 4 - 25
2/26/2025,1805,Merchants,P1,tonnes,GRADE 3,3.09,Dyna3,0,,,,Feb wk 4 - 25
2/26/2025,1806,Farmers,P1,tonnes,GRADE 2,3.25,MB3,0,,,,Feb wk 4 - 25
2/27/2025,1807,Farmers,P1,tonnes,GRADE 3,1.59,MB3,0,,,,Feb wk 4 - 25
2/27/2025,1808,Merchants,P1,tonnes,GRADE 3,2.91,Ford2,0,,,,Feb wk 4 - 25
2/27/2025,1809,Farmers,P1,tonnes,GRADE 2,3.27,MB3,0,,,,Feb wk 4 - 25
2/27/2025,1810,Farmers,P1,tonnes,GRADE 2,2.73,Ford2,0,,,,Feb wk 4 - 25
2/27/2025,1811,Farmers,P1,tonnes,GRADE 2,2.17,Ford2,0,,,,Feb wk 4 - 25
2/27/2025,1812,Farmers,P1,tonnes,GRADE 3,3.05,Dyna3,0,,,,Feb wk 4 - 25
2/28/2025,1813,Merchants,P1,tonnes,GRADE 3,3.51,Dyna3,0,,,,Feb wk 4 - 25
2/28/2025,1814,Farmers,P1,tonnes,GRADE 3,2.28,Ford2,0,,,,Feb wk 4 - 25
2/28/2025,1815,Farmers,P1,tonnes,GRADE 2,1.77,Ford2,0,,,,Feb wk 4 - 25
2/28/2025,1816,Farmers,P1,tonnes,GRADE 3,3.74,Dyna3,0,,,,Feb wk 4 - 25
2/28/2025,1817,Farmers,P1,tonnes,GRADE 3,1.41,Ford2,0,,,,Feb wk 4 - 25
3/1/2025,1818,Farmers,P1,tonnes,GRADE 2,2.77,Ford2,0,,,,Feb wk 4 - 25
3/1/2025,1819,Farmers,P1,tonnes,GRADE 2,1.93,Ford2,0,,,,Feb wk 4 - 25
3/1/2025,1820,Merchants,P1,tonnes,GRADE 2,4.11,Dyna3,0,,,,Feb wk 4 - 25
3/1/2025,1821,Merchants,P1,tonnes,GRADE 3,4.21,MB2,0,,,,Feb wk 4 - 25
3/1/2025,1822,Merchants,P1,tonnes,GRADE 3,5.96,Dyna3,0,,,,Feb wk 4 - 25
3/3/2025,1824,Merchants,P1,tonnes,GRADE 3,2.51,Ford2,0,,,,Mar wk 1 - 25
3/3/2025,1825,Farmers,P1,tonnes,GRADE,6.42,MB2,0,,,,Mar wk 1 - 25
3/3/2025,1826,Farmers,P1,tonnes,GRADE 2,1.8,Ford2,0,,,,Mar wk 1 - 25
3/3/2025,1827,Merchants,P1,tonnes,GRADE 2,4.33,Dyna3,0,,,,Mar wk 1 - 25
3/3/2025,1828,Farmers,P1,tonnes,GRADE 3,2.6,Ford2,0,,,,Mar wk 1 - 25
